-- Status
INSERT INTO Status(statusID, status) 
VALUES (1, 'Rented');
INSERT INTO Status(statusID, status)
VALUES (2, 'Maintenance');
INSERT INTO Status(statusID, status)
VALUES (3, 'Available');

-- GasType
INSERT INTO GasType(gasTypeID, gasType)
VALUES (1, 'Gasoline');
INSERT INTO GasType(gasTypeID, gasType)
VALUES (2, 'Hybrid');
INSERT INTO GasType(gasTypeID, gasType)
VALUES (3, 'Electric');

-- VehicleType
INSERT INTO VehicleTypes(vtname, features, wrate, drate, hrate, wirate, dirate, hirate, krate)
VALUES ('Economy', 'EconomyFeature', 1, 1, 2, 1, 1, 1, 3);
INSERT INTO VehicleTypes(vtname, features, wrate, drate, hrate, wirate, dirate, hirate, krate)
VALUES ('Compact', 'CompactFeature', 1, 1, 2, 1, 1, 1, 3);
INSERT INTO VehicleTypes(vtname, features, wrate, drate, hrate, wirate, dirate, hirate, krate)
VALUES ('Mid-Size', 'Mid-sizeFeature', 1, 1, 2, 1, 1, 1, 3);
INSERT INTO VehicleTypes(vtname, features, wrate, drate, hrate, wirate, dirate, hirate, krate)
VALUES ('Standard', 'StandardFeature', 1, 1, 2, 1, 1, 1, 3);
INSERT INTO VehicleTypes(vtname, features, wrate, drate, hrate, wirate, dirate, hirate, krate)
VALUES ('Full-Size', 'Full-sizeFeature', 1, 1, 2, 1, 1, 1, 3);
INSERT INTO VehicleTypes(vtname, features, wrate, drate, hrate, wirate, dirate, hirate, krate)
VALUES ('SUV', 'SUVFeature', 1, 1, 2, 1, 1, 1, 3);
INSERT INTO VehicleTypes(vtname, features, wrate, drate, hrate, wirate, dirate, hirate, krate)
VALUES ('Truck', 'TruckFeature', 1, 1, 2, 1, 1, 1, 3);

-- Customer
INSERT INTO Customer (dlicense,cellphone,name,address) VALUES (1,'16430613 9157','Hamilton','Ap #515-6547 Nibh. Avenue');
INSERT INTO Customer (dlicense,cellphone,name,address) VALUES (2,'16470228 1215','Rhiannon','643-5513 Tincidunt Rd.');
INSERT INTO Customer (dlicense,cellphone,name,address) VALUES (3,'16100717 2305','Beverly','986-8751 Elit, Av.');
INSERT INTO Customer (dlicense,cellphone,name,address) VALUES (4,'16310713 9176','Leroy','Ap #102-5739 Amet St.');
INSERT INTO Customer (dlicense,cellphone,name,address) VALUES (5,'16750906 9469','Cecilia','P.O. Box 436, 4159 Turpis Ave');
INSERT INTO Customer (dlicense,cellphone,name,address) VALUES (6,'16360909 1222','Candace','P.O. Box 192, 3677 Dignissim. St.');
INSERT INTO Customer (dlicense,cellphone,name,address) VALUES (7,'16510611 9125','Mohammad','944 Magna Road');
INSERT INTO Customer (dlicense,cellphone,name,address) VALUES (8,'16661101 7325','Lamar','408-6725 Sapien, St.');
INSERT INTO Customer (dlicense,cellphone,name,address) VALUES (9,'16960229 3657','Quinn','P.O. Box 325, 2949 Proin St.');
INSERT INTO Customer (dlicense,cellphone,name,address) VALUES (10,'16051217 3725','Gray','Ap #675-945 Dis Rd.');
INSERT INTO Customer (dlicense,cellphone,name,address) VALUES (11,'16241026 4143','Robert','Ap #500-5561 Erat Avenue');
INSERT INTO Customer (dlicense,cellphone,name,address) VALUES (12,'16930624 8254','Cyrus','P.O. Box 276, 4897 Egestas, St.');
INSERT INTO Customer (dlicense,cellphone,name,address) VALUES (13,'16890703 8460','Zachery','Ap #979-3062 Erat Rd.');
INSERT INTO Customer (dlicense,cellphone,name,address) VALUES (14,'16261007 4185','Michelle','510-758 Ornare, St.');
INSERT INTO Customer (dlicense,cellphone,name,address) VALUES (15,'16780103 0102','Yen','9416 Ut Ave');
INSERT INTO Customer (dlicense,cellphone,name,address) VALUES (16,'16610208 2630','Sylvester','Ap #419-2279 Lorem, Avenue');
INSERT INTO Customer (dlicense,cellphone,name,address) VALUES (17,'16160824 2408','Hammett','Ap #557-3520 Ipsum Rd.');
INSERT INTO Customer (dlicense,cellphone,name,address) VALUES (18,'16550416 0432','Harding','935-5371 Nunc Rd.');
INSERT INTO Customer (dlicense,cellphone,name,address) VALUES (19,'16150330 4238','Ciara','700-394 Vitae Avenue');
INSERT INTO Customer (dlicense,cellphone,name,address) VALUES (20,'16901004 4726','Kadeem','P.O. Box 511, 4790 Nisi Avenue');
INSERT INTO Customer (dlicense,cellphone,name,address) VALUES (21,'16151111 3258','Edan','7230 Aliquam Road');
INSERT INTO Customer (dlicense,cellphone,name,address) VALUES (22,'16521002 7677','Oscar','P.O. Box 490, 2394 Erat St.');
INSERT INTO Customer (dlicense,cellphone,name,address) VALUES (23,'16230513 8733','Abel','3949 Cursus Ave');
INSERT INTO Customer (dlicense,cellphone,name,address) VALUES (24,'16870325 9732','Molly','Ap #401-1105 A Avenue');
INSERT INTO Customer (dlicense,cellphone,name,address) VALUES (25,'16980211 9249','Leah','Ap #914-3637 Neque. St.');
INSERT INTO Customer (dlicense,cellphone,name,address) VALUES (26,'16460427 0316','Micah','P.O. Box 372, 3042 Parturient Av.');
INSERT INTO Customer (dlicense,cellphone,name,address) VALUES (27,'16691111 8294','Christian','961-2314 Lectus. St.');
INSERT INTO Customer (dlicense,cellphone,name,address) VALUES (28,'16630215 0286','Gemma','P.O. Box 245, 7744 Sem Av.');
INSERT INTO Customer (dlicense,cellphone,name,address) VALUES (29,'16350826 6743','Colleen','454 Non, St.');
INSERT INTO Customer (dlicense,cellphone,name,address) VALUES (30,'16901206 0233','Iris','P.O. Box 285, 2264 Quis, Rd.');
INSERT INTO Customer (dlicense,cellphone,name,address) VALUES (31,'16480704 9574','Shellie','P.O. Box 460, 2907 Malesuada St.');
INSERT INTO Customer (dlicense,cellphone,name,address) VALUES (32,'16001127 0014','Alisa','223-211 Egestas Road');
INSERT INTO Customer (dlicense,cellphone,name,address) VALUES (33,'16641227 1360','Hakeem','211-5558 Vulputate, Ave');
INSERT INTO Customer (dlicense,cellphone,name,address) VALUES (34,'16030115 0934','Raphael','P.O. Box 863, 497 Blandit Rd.');
INSERT INTO Customer (dlicense,cellphone,name,address) VALUES (35,'16460301 1786','Joshua','P.O. Box 938, 7143 Sem. Av.');
INSERT INTO Customer (dlicense,cellphone,name,address) VALUES (36,'16370608 8295','Amal','118-6528 Auctor St.');
INSERT INTO Customer (dlicense,cellphone,name,address) VALUES (37,'16910220 3701','Lillith','Ap #268-7541 Hendrerit St.');
INSERT INTO Customer (dlicense,cellphone,name,address) VALUES (38,'16890618 5239','Shoshana','Ap #447-701 Cum Street');
INSERT INTO Customer (dlicense,cellphone,name,address) VALUES (39,'16470220 9406','Lisandra','2244 Metus Street');
INSERT INTO Customer (dlicense,cellphone,name,address) VALUES (40,'16440227 4437','Trevor','1322 Eget, St.');
INSERT INTO Customer (dlicense,cellphone,name,address) VALUES (41,'16830116 1280','Eugenia','948-5838 Vivamus Ave');
INSERT INTO Customer (dlicense,cellphone,name,address) VALUES (42,'16190721 4405','Samuel','P.O. Box 986, 7262 Neque. Rd.');
INSERT INTO Customer (dlicense,cellphone,name,address) VALUES (43,'16381023 3894','Melodie','877-9587 Auctor Av.');
INSERT INTO Customer (dlicense,cellphone,name,address) VALUES (44,'16951117 6845','Paula','Ap #487-528 Velit St.');
INSERT INTO Customer (dlicense,cellphone,name,address) VALUES (45,'16340311 8346','Oren','P.O. Box 171, 4416 Vitae St.');
INSERT INTO Customer (dlicense,cellphone,name,address) VALUES (46,'16270314 7732','Veronica','P.O. Box 795, 7025 Condimentum Road');
INSERT INTO Customer (dlicense,cellphone,name,address) VALUES (47,'16450814 9624','Florence','Ap #636-9728 Sodales Rd.');
INSERT INTO Customer (dlicense,cellphone,name,address) VALUES (48,'16350411 7007','Ignacia','493-1300 Id Ave');
INSERT INTO Customer (dlicense,cellphone,name,address) VALUES (49,'16450504 7102','Nathan','P.O. Box 923, 694 Sed Av.');
INSERT INTO Customer (dlicense,cellphone,name,address) VALUES (50,'16740526 8645','Latifah','Ap #555-4557 Quisque Av.');
INSERT INTO Customer (dlicense,cellphone,name,address) VALUES (51,'16101002 7033','Roanna','308-9367 Non Rd.');
INSERT INTO Customer (dlicense,cellphone,name,address) VALUES (52,'16810524 4530','Imani','P.O. Box 630, 4625 Sed Av.');
INSERT INTO Customer (dlicense,cellphone,name,address) VALUES (53,'16740805 7128','Rudyard','7708 Leo. St.');
INSERT INTO Customer (dlicense,cellphone,name,address) VALUES (54,'16270412 0357','Adena','968-3733 Eu St.');
INSERT INTO Customer (dlicense,cellphone,name,address) VALUES (55,'16681204 2387','Owen','Ap #242-5446 Mus. St.');
INSERT INTO Customer (dlicense,cellphone,name,address) VALUES (56,'16430518 8890','Phoebe','964-709 Litora Av.');
INSERT INTO Customer (dlicense,cellphone,name,address) VALUES (57,'16151118 2279','Cadman','3575 Est Av.');
INSERT INTO Customer (dlicense,cellphone,name,address) VALUES (58,'16460417 4393','Jarrod','Ap #488-3508 Nec Ave');
INSERT INTO Customer (dlicense,cellphone,name,address) VALUES (59,'16610107 4406','Erica','Ap #490-8016 Et Rd.');
INSERT INTO Customer (dlicense,cellphone,name,address) VALUES (60,'16090716 9668','Britanney','237-3333 Eu Avenue');
INSERT INTO Customer (dlicense,cellphone,name,address) VALUES (61,'16210621 5771','Tatyana','Ap #845-5304 Sit St.');
INSERT INTO Customer (dlicense,cellphone,name,address) VALUES (62,'16390405 7845','Latifah','P.O. Box 428, 3982 Nullam Rd.');
INSERT INTO Customer (dlicense,cellphone,name,address) VALUES (63,'16720430 3817','Jorden','Ap #388-6890 Velit. Road');
INSERT INTO Customer (dlicense,cellphone,name,address) VALUES (64,'16041004 7245','Audrey','346-6853 Penatibus Road');
INSERT INTO Customer (dlicense,cellphone,name,address) VALUES (65,'16890129 6601','Wang','631-6790 Vitae, St.');
INSERT INTO Customer (dlicense,cellphone,name,address) VALUES (66,'16220906 4779','Callie','572-8855 In Avenue');
INSERT INTO Customer (dlicense,cellphone,name,address) VALUES (67,'16680510 8880','Lareina','Ap #132-8835 Etiam Rd.');
INSERT INTO Customer (dlicense,cellphone,name,address) VALUES (68,'16900613 4572','Rosalyn','101-4356 Magna Avenue');
INSERT INTO Customer (dlicense,cellphone,name,address) VALUES (69,'16090506 3566','Lenore','9334 Nullam Ave');
INSERT INTO Customer (dlicense,cellphone,name,address) VALUES (70,'16680503 7915','Inga','558-4179 Nunc. Rd.');
INSERT INTO Customer (dlicense,cellphone,name,address) VALUES (71,'16440901 4398','Damian','Ap #500-5015 Integer Av.');
INSERT INTO Customer (dlicense,cellphone,name,address) VALUES (72,'16800515 5349','Harriet','Ap #521-6538 Adipiscing St.');
INSERT INTO Customer (dlicense,cellphone,name,address) VALUES (73,'16900622 1916','Brett','3951 Leo. Rd.');
INSERT INTO Customer (dlicense,cellphone,name,address) VALUES (74,'16830726 7701','Karly','Ap #163-9659 Cursus Street');
INSERT INTO Customer (dlicense,cellphone,name,address) VALUES (75,'16490428 2698','Quamar','P.O. Box 833, 3068 Nullam Av.');
INSERT INTO Customer (dlicense,cellphone,name,address) VALUES (76,'16951106 8711','Ezra','862-1699 Donec Road');
INSERT INTO Customer (dlicense,cellphone,name,address) VALUES (77,'16350215 4044','Preston','812-1491 Pretium Road');
INSERT INTO Customer (dlicense,cellphone,name,address) VALUES (78,'16350304 4947','Henry','P.O. Box 828, 8518 Sed Road');
INSERT INTO Customer (dlicense,cellphone,name,address) VALUES (79,'16211226 0993','Maite','3902 Tristique Rd.');
INSERT INTO Customer (dlicense,cellphone,name,address) VALUES (80,'16691101 3131','Roth','P.O. Box 365, 2404 Lorem. Av.');
INSERT INTO Customer (dlicense,cellphone,name,address) VALUES (81,'16661126 1717','Gwendolyn','2068 Adipiscing, Avenue');
INSERT INTO Customer (dlicense,cellphone,name,address) VALUES (82,'16930425 7810','Ivan','464-4370 Quam Avenue');
INSERT INTO Customer (dlicense,cellphone,name,address) VALUES (83,'16121018 0756','Asher','4718 Lacus Street');
INSERT INTO Customer (dlicense,cellphone,name,address) VALUES (84,'16130506 3750','Rinah','3826 Quis, Ave');
INSERT INTO Customer (dlicense,cellphone,name,address) VALUES (85,'16030112 6413','Wynne','Ap #948-9720 Ante. Street');
INSERT INTO Customer (dlicense,cellphone,name,address) VALUES (86,'16870805 1860','Elizabeth','Ap #800-2309 Erat, Avenue');
INSERT INTO Customer (dlicense,cellphone,name,address) VALUES (87,'16930414 2574','Adrian','Ap #368-8108 Mollis. Avenue');
INSERT INTO Customer (dlicense,cellphone,name,address) VALUES (88,'16950812 5102','Sylvester','P.O. Box 579, 4305 Sit St.');
INSERT INTO Customer (dlicense,cellphone,name,address) VALUES (89,'16330714 7458','Madaline','Ap #814-8145 Amet Avenue');
INSERT INTO Customer (dlicense,cellphone,name,address) VALUES (90,'16960607 6090','Harlan','3020 Arcu. Rd.');
INSERT INTO Customer (dlicense,cellphone,name,address) VALUES (91,'16830505 9050','Cooper','273-2933 Duis Av.');
INSERT INTO Customer (dlicense,cellphone,name,address) VALUES (92,'16071204 8933','Finn','P.O. Box 991, 8112 Amet Av.');
INSERT INTO Customer (dlicense,cellphone,name,address) VALUES (93,'16290502 9894','Willow','1937 Sem, Rd.');
INSERT INTO Customer (dlicense,cellphone,name,address) VALUES (94,'16840417 7779','Heidi','140-9879 Dignissim Rd.');
INSERT INTO Customer (dlicense,cellphone,name,address) VALUES (95,'16701206 6499','Cailin','P.O. Box 134, 3642 Adipiscing Road');
INSERT INTO Customer (dlicense,cellphone,name,address) VALUES (96,'16581117 0009','Dolan','1355 Nisi Ave');
INSERT INTO Customer (dlicense,cellphone,name,address) VALUES (97,'16990221 7083','Brenda','Ap #941-8731 Proin Street');
INSERT INTO Customer (dlicense,cellphone,name,address) VALUES (98,'16671112 1290','Rhoda','381-9967 Et Ave');
INSERT INTO Customer (dlicense,cellphone,name,address) VALUES (99,'16370429 4606','Nerea','708-864 Ornare, St.');
INSERT INTO Customer (dlicense,cellphone,name,address) VALUES (100,'16230904 3020','Ciaran','708-6265 Orci. Street');


-- Vehicle
INSERT INTO Vehicle (vid,vlicense,make,model,year,color,odometer,gasTypeID,statusID,vtname,location,city,reserved) VALUES (1,1,'Mazda','Camry','2019','green','9998.65',1,3,'Standard','DE','Sapele',0);
INSERT INTO Vehicle (vid,vlicense,make,model,year,color,odometer,gasTypeID,statusID,vtname,location,city,reserved) VALUES (2,2,'MINI','Civic','2019','green','10006.48',1,1,'SUV','Lambayeque','Chiclayo',0);
INSERT INTO Vehicle (vid,vlicense,make,model,year,color,odometer,gasTypeID,statusID,vtname,location,city,reserved) VALUES (3,3,'Mazda','Acura','2020','red','9999.88',3,1,'SUV','Kerala','Thalassery',1);
INSERT INTO Vehicle (vid,vlicense,make,model,year,color,odometer,gasTypeID,statusID,vtname,location,city,reserved) VALUES (4,4,'Toyota','Camry','2019','green','10005.49',2,1,'Truck','Queensland','Logan City',0);
INSERT INTO Vehicle (vid,vlicense,make,model,year,color,odometer,gasTypeID,statusID,vtname,location,city,reserved) VALUES (5,5,'RAM Trucks','Acura','2019','green','10007.36',2,3,'SUV','Alajuela','San Rafael',0);
INSERT INTO Vehicle (vid,vlicense,make,model,year,color,odometer,gasTypeID,statusID,vtname,location,city,reserved) VALUES (6,6,'Dongfeng Motor','Civic','2019','green','9999.94',1,2,'Mid-Size','Île-de-France','Paris',0);
INSERT INTO Vehicle (vid,vlicense,make,model,year,color,odometer,gasTypeID,statusID,vtname,location,city,reserved) VALUES (7,7,'BMW','Civic','2019','green','9997.95',1,2,'Compact','Kujawsko-pomorskie','Bydgoszcz',1);
INSERT INTO Vehicle (vid,vlicense,make,model,year,color,odometer,gasTypeID,statusID,vtname,location,city,reserved) VALUES (8,8,'Hyundai Motors','Acura','2020','green','9994.66',1,3,'SUV','Leicestershire','Hinckley',0);
INSERT INTO Vehicle (vid,vlicense,make,model,year,color,odometer,gasTypeID,statusID,vtname,location,city,reserved) VALUES (9,9,'Audi','Civic','2019','orange','9991.86',1,3,'Mid-Size','NL','McCallum',0);
INSERT INTO Vehicle (vid,vlicense,make,model,year,color,odometer,gasTypeID,statusID,vtname,location,city,reserved) VALUES (10,10,'Lexus','Camry','2019','green','10004.64',2,1,'SUV','ANC','Chimbote',1);
INSERT INTO Vehicle (vid,vlicense,make,model,year,color,odometer,gasTypeID,statusID,vtname,location,city,reserved) VALUES (11,11,'Peugeot','Acura','2019','blue','9996.3',1,2,'Mid-Size','NSW','Tamworth',1);
INSERT INTO Vehicle (vid,vlicense,make,model,year,color,odometer,gasTypeID,statusID,vtname,location,city,reserved) VALUES (12,12,'RAM Trucks','Civic','2019','violet','10001.67',2,3,'SUV','Iowa','Sioux City',1);
INSERT INTO Vehicle (vid,vlicense,make,model,year,color,odometer,gasTypeID,statusID,vtname,location,city,reserved) VALUES (13,13,'Daihatsu','Camry','2020','yellow','9997.32',3,2,'SUV','Saskatchewan','Regina',0);
INSERT INTO Vehicle (vid,vlicense,make,model,year,color,odometer,gasTypeID,statusID,vtname,location,city,reserved) VALUES (14,14,'Mitsubishi Motors','Acura','2019','blue','10003.6',2,2,'Truck','C','Galway',1);
INSERT INTO Vehicle (vid,vlicense,make,model,year,color,odometer,gasTypeID,statusID,vtname,location,city,reserved) VALUES (15,15,'JLR','Camry','2019','orange','9996.56',2,1,'Compact','Antioquia','Rionegro',1);
INSERT INTO Vehicle (vid,vlicense,make,model,year,color,odometer,gasTypeID,statusID,vtname,location,city,reserved) VALUES (16,16,'General Motors','Acura','2019','blue','10005.58',2,2,'SUV','Dalarnas län','Ludvika',1);
INSERT INTO Vehicle (vid,vlicense,make,model,year,color,odometer,gasTypeID,statusID,vtname,location,city,reserved) VALUES (17,17,'Skoda','Camry','2020','blue','10005.29',2,1,'Economy','Ohio','Toledo',0);
INSERT INTO Vehicle (vid,vlicense,make,model,year,color,odometer,gasTypeID,statusID,vtname,location,city,reserved) VALUES (18,18,'MINI','Acura','2019','orange','10002.28',2,3,'Economy','La Libertad','Chepén',1);
INSERT INTO Vehicle (vid,vlicense,make,model,year,color,odometer,gasTypeID,statusID,vtname,location,city,reserved) VALUES (19,19,'Acura','Acura','2019','blue','10009.39',1,3,'SUV','HA','Le Havre',1);
INSERT INTO Vehicle (vid,vlicense,make,model,year,color,odometer,gasTypeID,statusID,vtname,location,city,reserved) VALUES (20,20,'Mazda','Acura','2019','indigo','10000.39',3,2,'Truck','Biobío','Coelemu',1);
INSERT INTO Vehicle (vid,vlicense,make,model,year,color,odometer,gasTypeID,statusID,vtname,location,city,reserved) VALUES (21,21,'Infiniti','Acura','2020','yellow','9990.4',1,2,'Full-Size','Kemerovo Oblast','Kemerovo',0);
INSERT INTO Vehicle (vid,vlicense,make,model,year,color,odometer,gasTypeID,statusID,vtname,location,city,reserved) VALUES (22,22,'Ferrari','Camry','2019','orange','9998',2,2,'Standard','WA','Fremantle',0);
INSERT INTO Vehicle (vid,vlicense,make,model,year,color,odometer,gasTypeID,statusID,vtname,location,city,reserved) VALUES (23,23,'Skoda','Civic','2019','indigo','10003.44',3,3,'Standard','Gyeonggi','Guri',0);
INSERT INTO Vehicle (vid,vlicense,make,model,year,color,odometer,gasTypeID,statusID,vtname,location,city,reserved) VALUES (24,24,'Mercedes-Benz','Civic','2019','red','10001.23',1,3,'Standard','SJ','San Juan de Dios',1);
INSERT INTO Vehicle (vid,vlicense,make,model,year,color,odometer,gasTypeID,statusID,vtname,location,city,reserved) VALUES (25,25,'Citroën','Camry','2019','blue','10001.2',3,2,'Mid-Size','Maharastra','Bhir',0);
INSERT INTO Vehicle (vid,vlicense,make,model,year,color,odometer,gasTypeID,statusID,vtname,location,city,reserved) VALUES (26,26,'Smart','Civic','2019','blue','9996.39',1,2,'Compact','Bgl','Gols',1);
INSERT INTO Vehicle (vid,vlicense,make,model,year,color,odometer,gasTypeID,statusID,vtname,location,city,reserved) VALUES (27,27,'Dodge','Camry','2019','green','9993.2',3,1,'Standard','U','Belfast',1);
INSERT INTO Vehicle (vid,vlicense,make,model,year,color,odometer,gasTypeID,statusID,vtname,location,city,reserved) VALUES (28,28,'Acura','Camry','2019','yellow','10002.81',3,1,'Standard','Kano','Kano',1);
INSERT INTO Vehicle (vid,vlicense,make,model,year,color,odometer,gasTypeID,statusID,vtname,location,city,reserved) VALUES (29,29,'Chrysler','Camry','2020','blue','10004.59',1,1,'Economy','Antwerpen','Veerle',1);
INSERT INTO Vehicle (vid,vlicense,make,model,year,color,odometer,gasTypeID,statusID,vtname,location,city,reserved) VALUES (30,30,'Buick','Acura','2018','violet','10002.05',2,3,'Economy','SL','Sosnowiec',0);
INSERT INTO Vehicle (vid,vlicense,make,model,year,color,odometer,gasTypeID,statusID,vtname,location,city,reserved) VALUES (31,31,'Jeep','Civic','2019','green','10001.32',2,3,'Economy','OH','Akron',0);
INSERT INTO Vehicle (vid,vlicense,make,model,year,color,odometer,gasTypeID,statusID,vtname,location,city,reserved) VALUES (32,32,'GMC','Camry','2020','orange','10006.05',3,3,'Truck','Wie','Vienna',0);
INSERT INTO Vehicle (vid,vlicense,make,model,year,color,odometer,gasTypeID,statusID,vtname,location,city,reserved) VALUES (33,33,'Smart','Civic','2019','green','9992.89',3,1,'Mid-Size','BR','Lorient',0);
INSERT INTO Vehicle (vid,vlicense,make,model,year,color,odometer,gasTypeID,statusID,vtname,location,city,reserved) VALUES (34,34,'FAW','Civic','2020','violet','10002.2',1,3,'Truck','Hamburg','Hamburg',0);
INSERT INTO Vehicle (vid,vlicense,make,model,year,color,odometer,gasTypeID,statusID,vtname,location,city,reserved) VALUES (35,35,'Porsche','Civic','2019','violet','9998.57',3,1,'Truck','Saskatchewan','Weyburn',1);
INSERT INTO Vehicle (vid,vlicense,make,model,year,color,odometer,gasTypeID,statusID,vtname,location,city,reserved) VALUES (36,36,'Kenworth','Camry','2020','orange','9991.14',3,2,'Standard','KP','Bydgoszcz',0);
INSERT INTO Vehicle (vid,vlicense,make,model,year,color,odometer,gasTypeID,statusID,vtname,location,city,reserved) VALUES (37,37,'Toyota','Acura','2020','indigo','9996.66',2,2,'SUV','BL','Pishin Valley',0);
INSERT INTO Vehicle (vid,vlicense,make,model,year,color,odometer,gasTypeID,statusID,vtname,location,city,reserved) VALUES (38,38,'Peugeot','Camry','2019','yellow','9990.53',2,2,'Truck','TN','Tiruppur',1);
INSERT INTO Vehicle (vid,vlicense,make,model,year,color,odometer,gasTypeID,statusID,vtname,location,city,reserved) VALUES (39,39,'Toyota','Acura','2020','blue','10004.42',3,1,'Mid-Size','ERM','Viano',1);
INSERT INTO Vehicle (vid,vlicense,make,model,year,color,odometer,gasTypeID,statusID,vtname,location,city,reserved) VALUES (40,40,'FAW','Civic','2019','green','10005.93',2,1,'Compact','Ontario','Blind River',1);
INSERT INTO Vehicle (vid,vlicense,make,model,year,color,odometer,gasTypeID,statusID,vtname,location,city,reserved) VALUES (41,41,'General Motors','Civic','2020','red','9994.76',3,3,'SUV','Oost-Vlaanderen','Mendonk',0);
INSERT INTO Vehicle (vid,vlicense,make,model,year,color,odometer,gasTypeID,statusID,vtname,location,city,reserved) VALUES (42,42,'RAM Trucks','Civic','2019','orange','9997.49',1,3,'Full-Size','AB','Smoky Lake',0);
INSERT INTO Vehicle (vid,vlicense,make,model,year,color,odometer,gasTypeID,statusID,vtname,location,city,reserved) VALUES (43,43,'Cadillac','Acura','2019','orange','9996.46',1,2,'Standard','Gyeonggi','Ansan',1);
INSERT INTO Vehicle (vid,vlicense,make,model,year,color,odometer,gasTypeID,statusID,vtname,location,city,reserved) VALUES (44,44,'Audi','Camry','2018','indigo','9999.35',1,2,'Compact','ON','Leamington',0);
INSERT INTO Vehicle (vid,vlicense,make,model,year,color,odometer,gasTypeID,statusID,vtname,location,city,reserved) VALUES (45,45,'Mercedes-Benz','Camry','2019','orange','10002.92',2,2,'Full-Size','Metropolitana de Santiago','Pudahuel',0);
INSERT INTO Vehicle (vid,vlicense,make,model,year,color,odometer,gasTypeID,statusID,vtname,location,city,reserved) VALUES (46,46,'FAW','Acura','2020','violet','10003.41',1,3,'Standard','Centre','Chartres',1);
INSERT INTO Vehicle (vid,vlicense,make,model,year,color,odometer,gasTypeID,statusID,vtname,location,city,reserved) VALUES (47,47,'Maruti Suzuki','Acura','2019','orange','9990.48',1,1,'Full-Size','Andalucía','Málaga',1);
INSERT INTO Vehicle (vid,vlicense,make,model,year,color,odometer,gasTypeID,statusID,vtname,location,city,reserved) VALUES (48,48,'Vauxhall','Civic','2019','green','10001.17',3,1,'Full-Size','British Columbia','Lake Cowichan',0);
INSERT INTO Vehicle (vid,vlicense,make,model,year,color,odometer,gasTypeID,statusID,vtname,location,city,reserved) VALUES (49,49,'Subaru','Camry','2019','orange','10004.65',1,2,'SUV','Piura','Paita',0);
INSERT INTO Vehicle (vid,vlicense,make,model,year,color,odometer,gasTypeID,statusID,vtname,location,city,reserved) VALUES (50,50,'Isuzu','Civic','2019','blue','10001.23',2,1,'Full-Size','Benue','Makurdi',0);
INSERT INTO Vehicle (vid,vlicense,make,model,year,color,odometer,gasTypeID,statusID,vtname,location,city,reserved) VALUES (51,51,'Renault','Civic','2020','orange','10005.01',3,3,'SUV','TN','Chattanooga',0);
INSERT INTO Vehicle (vid,vlicense,make,model,year,color,odometer,gasTypeID,statusID,vtname,location,city,reserved) VALUES (52,52,'GMC','Civic','2018','blue','9993.5',3,2,'Economy','Cartago','Turrialba',1);
INSERT INTO Vehicle (vid,vlicense,make,model,year,color,odometer,gasTypeID,statusID,vtname,location,city,reserved) VALUES (53,53,'Dodge','Acura','2019','yellow','9999.38',3,1,'Compact','British Columbia','Kelowna',1);
INSERT INTO Vehicle (vid,vlicense,make,model,year,color,odometer,gasTypeID,statusID,vtname,location,city,reserved) VALUES (54,54,'Acura','Civic','2020','green','10000.28',3,3,'Truck','LX','Villers-sur-Semois',1);
INSERT INTO Vehicle (vid,vlicense,make,model,year,color,odometer,gasTypeID,statusID,vtname,location,city,reserved) VALUES (55,55,'Renault','Acura','2020','blue','10004.01',3,1,'SUV','HH','Hamburg',0);
INSERT INTO Vehicle (vid,vlicense,make,model,year,color,odometer,gasTypeID,statusID,vtname,location,city,reserved) VALUES (56,56,'Porsche','Civic','2019','indigo','10001.92',2,2,'Mid-Size','RM','San Ramón',1);
INSERT INTO Vehicle (vid,vlicense,make,model,year,color,odometer,gasTypeID,statusID,vtname,location,city,reserved) VALUES (57,57,'Citroën','Civic','2020','green','9992.15',1,1,'Compact','Bahia','Camaçari',1);
INSERT INTO Vehicle (vid,vlicense,make,model,year,color,odometer,gasTypeID,statusID,vtname,location,city,reserved) VALUES (58,58,'Kia Motors','Acura','2019','blue','9991.41',1,3,'Standard','WA','Birmingham',0);
INSERT INTO Vehicle (vid,vlicense,make,model,year,color,odometer,gasTypeID,statusID,vtname,location,city,reserved) VALUES (59,59,'Nissan','Acura','2020','violet','10003.69',3,3,'Standard','U','Belfast',1);
INSERT INTO Vehicle (vid,vlicense,make,model,year,color,odometer,gasTypeID,statusID,vtname,location,city,reserved) VALUES (60,60,'Kenworth','Acura','2020','blue','10000.98',3,1,'Truck','DS','Wałbrzych',1);
INSERT INTO Vehicle (vid,vlicense,make,model,year,color,odometer,gasTypeID,statusID,vtname,location,city,reserved) VALUES (61,61,'Vauxhall','Camry','2020','orange','10002.32',3,3,'Compact','LAZ','Casperia',1);
INSERT INTO Vehicle (vid,vlicense,make,model,year,color,odometer,gasTypeID,statusID,vtname,location,city,reserved) VALUES (62,62,'FAW','Acura','2020','indigo','10000.75',1,1,'Mid-Size','Michigan','Warren',1);
INSERT INTO Vehicle (vid,vlicense,make,model,year,color,odometer,gasTypeID,statusID,vtname,location,city,reserved) VALUES (63,63,'Hyundai Motors','Acura','2019','indigo','10002.24',3,3,'Truck','CO','Aurora',0);
INSERT INTO Vehicle (vid,vlicense,make,model,year,color,odometer,gasTypeID,statusID,vtname,location,city,reserved) VALUES (64,64,'Subaru','Camry','2020','green','10006.44',3,3,'Truck','Ontario','Merrickville-Wolford',1);
INSERT INTO Vehicle (vid,vlicense,make,model,year,color,odometer,gasTypeID,statusID,vtname,location,city,reserved) VALUES (65,65,'Mahindra and Mahindra','Camry','2019','red','9993.74',2,3,'Full-Size','Penza Oblast','Penza',1);
INSERT INTO Vehicle (vid,vlicense,make,model,year,color,odometer,gasTypeID,statusID,vtname,location,city,reserved) VALUES (66,66,'Nissan','Camry','2019','violet','9995.32',3,2,'SUV','Heredia','San Pablo',0);
INSERT INTO Vehicle (vid,vlicense,make,model,year,color,odometer,gasTypeID,statusID,vtname,location,city,reserved) VALUES (67,67,'Fiat','Civic','2019','yellow','9999.77',3,2,'Full-Size','UP','Saharanpur',1);
INSERT INTO Vehicle (vid,vlicense,make,model,year,color,odometer,gasTypeID,statusID,vtname,location,city,reserved) VALUES (68,68,'Ford','Acura','2020','orange','10001.24',2,2,'Standard','UMB','San Venanzo',0);
INSERT INTO Vehicle (vid,vlicense,make,model,year,color,odometer,gasTypeID,statusID,vtname,location,city,reserved) VALUES (69,69,'Volvo','Civic','2019','indigo','9997.01',1,3,'Mid-Size','MA','Leganés',0);
INSERT INTO Vehicle (vid,vlicense,make,model,year,color,odometer,gasTypeID,statusID,vtname,location,city,reserved) VALUES (70,70,'Kenworth','Camry','2020','indigo','9998.88',2,2,'Full-Size','ON','Goderich',1);
INSERT INTO Vehicle (vid,vlicense,make,model,year,color,odometer,gasTypeID,statusID,vtname,location,city,reserved) VALUES (71,71,'Audi','Camry','2018','red','10001.26',2,2,'Truck','ON','Richmond Hill',1);
INSERT INTO Vehicle (vid,vlicense,make,model,year,color,odometer,gasTypeID,statusID,vtname,location,city,reserved) VALUES (72,72,'Vauxhall','Acura','2020','orange','10003.13',2,3,'SUV','Gye','Yeongcheon',1);
INSERT INTO Vehicle (vid,vlicense,make,model,year,color,odometer,gasTypeID,statusID,vtname,location,city,reserved) VALUES (73,73,'Kenworth','Camry','2019','yellow','10003.66',3,1,'Economy','Saratov Oblast','Saratov',1);
INSERT INTO Vehicle (vid,vlicense,make,model,year,color,odometer,gasTypeID,statusID,vtname,location,city,reserved) VALUES (74,74,'General Motors','Acura','2019','blue','10001.31',2,1,'Mid-Size','Vienna','Vienna',1);
INSERT INTO Vehicle (vid,vlicense,make,model,year,color,odometer,gasTypeID,statusID,vtname,location,city,reserved) VALUES (75,75,'Daimler','Camry','2019','green','9996.59',1,2,'SUV','BL','Lasbela',1);
INSERT INTO Vehicle (vid,vlicense,make,model,year,color,odometer,gasTypeID,statusID,vtname,location,city,reserved) VALUES (76,76,'Ferrari','Acura','2020','indigo','10002',1,2,'Truck','WY','Laramie',0);
INSERT INTO Vehicle (vid,vlicense,make,model,year,color,odometer,gasTypeID,statusID,vtname,location,city,reserved) VALUES (77,77,'Subaru','Civic','2018','red','9994.87',1,2,'Mid-Size','WV','Mannekensvere',0);
INSERT INTO Vehicle (vid,vlicense,make,model,year,color,odometer,gasTypeID,statusID,vtname,location,city,reserved) VALUES (78,78,'Peugeot','Civic','2019','blue','10001.07',2,3,'Full-Size','Córdoba','Santa Cruz de Lorica',0);
INSERT INTO Vehicle (vid,vlicense,make,model,year,color,odometer,gasTypeID,statusID,vtname,location,city,reserved) VALUES (79,79,'Ford','Camry','2019','blue','10004.58',3,1,'Compact','KB','Pontianak',0);
INSERT INTO Vehicle (vid,vlicense,make,model,year,color,odometer,gasTypeID,statusID,vtname,location,city,reserved) VALUES (80,80,'Suzuki','Camry','2019','indigo','9980.7',2,1,'Full-Size','N.','Alkmaar',0);
INSERT INTO Vehicle (vid,vlicense,make,model,year,color,odometer,gasTypeID,statusID,vtname,location,city,reserved) VALUES (81,81,'Vauxhall','Camry','2019','red','10005.97',1,2,'Truck','Atlántico','Barranquilla',0);
INSERT INTO Vehicle (vid,vlicense,make,model,year,color,odometer,gasTypeID,statusID,vtname,location,city,reserved) VALUES (82,82,'BMW','Civic','2019','red','9988.08',1,2,'Compact','Connacht','Galway',1);
INSERT INTO Vehicle (vid,vlicense,make,model,year,color,odometer,gasTypeID,statusID,vtname,location,city,reserved) VALUES (83,83,'Honda','Civic','2020','blue','10007.95',1,1,'Full-Size','Molise','Campobasso',1);
INSERT INTO Vehicle (vid,vlicense,make,model,year,color,odometer,gasTypeID,statusID,vtname,location,city,reserved) VALUES (84,84,'Volvo','Camry','2019','yellow','10008.74',3,1,'Standard','IL','Paris',0);
INSERT INTO Vehicle (vid,vlicense,make,model,year,color,odometer,gasTypeID,statusID,vtname,location,city,reserved) VALUES (85,85,'Mitsubishi Motors','Acura','2019','green','10000.99',1,2,'SUV','Lubelskie','Lublin',1);
INSERT INTO Vehicle (vid,vlicense,make,model,year,color,odometer,gasTypeID,statusID,vtname,location,city,reserved) VALUES (86,86,'Maruti Suzuki','Acura','2019','green','10003.44',3,2,'Mid-Size','Centre','Joué-lès-Tours',0);
INSERT INTO Vehicle (vid,vlicense,make,model,year,color,odometer,gasTypeID,statusID,vtname,location,city,reserved) VALUES (87,87,'Kia Motors','Acura','2019','orange','9998.5',3,2,'Standard','MAR','Sefro',1);
INSERT INTO Vehicle (vid,vlicense,make,model,year,color,odometer,gasTypeID,statusID,vtname,location,city,reserved) VALUES (88,88,'Maruti Suzuki','Camry','2019','indigo','10004.96',3,3,'Economy','Östergötlands län','Motala',1);
INSERT INTO Vehicle (vid,vlicense,make,model,year,color,odometer,gasTypeID,statusID,vtname,location,city,reserved) VALUES (89,89,'Vauxhall','Acura','2018','green','9993.91',2,3,'Compact','JI','Kediri',0);
INSERT INTO Vehicle (vid,vlicense,make,model,year,color,odometer,gasTypeID,statusID,vtname,location,city,reserved) VALUES (90,90,'FAW','Camry','2019','blue','10005.78',1,1,'Standard','Alajuela','San Rafael',0);
INSERT INTO Vehicle (vid,vlicense,make,model,year,color,odometer,gasTypeID,statusID,vtname,location,city,reserved) VALUES (91,91,'GMC','Acura','2018','indigo','9991.2',1,2,'Mid-Size','Balochistan','Jafarabad',0);
INSERT INTO Vehicle (vid,vlicense,make,model,year,color,odometer,gasTypeID,statusID,vtname,location,city,reserved) VALUES (92,92,'Smart','Civic','2019','orange','10000.36',1,3,'Mid-Size','North Island','Hastings',1);
INSERT INTO Vehicle (vid,vlicense,make,model,year,color,odometer,gasTypeID,statusID,vtname,location,city,reserved) VALUES (93,93,'Toyota','Civic','2020','yellow','9991.08',3,1,'Standard','Idaho','Nampa',0);
INSERT INTO Vehicle (vid,vlicense,make,model,year,color,odometer,gasTypeID,statusID,vtname,location,city,reserved) VALUES (94,94,'Maruti Suzuki','Acura','2019','yellow','10000.56',3,3,'Economy','Son','Ciudad Obregón',0);
INSERT INTO Vehicle (vid,vlicense,make,model,year,color,odometer,gasTypeID,statusID,vtname,location,city,reserved) VALUES (95,95,'Audi','Camry','2019','yellow','9991.54',3,1,'Truck','P','Puntarenas',1);
INSERT INTO Vehicle (vid,vlicense,make,model,year,color,odometer,gasTypeID,statusID,vtname,location,city,reserved) VALUES (96,96,'Suzuki','Acura','2020','yellow','9995.73',2,1,'Economy','MB','Brandon',0);
INSERT INTO Vehicle (vid,vlicense,make,model,year,color,odometer,gasTypeID,statusID,vtname,location,city,reserved) VALUES (97,97,'Mazda','Camry','2018','indigo','9999.56',2,2,'Truck','Wie','Vienna',1);
INSERT INTO Vehicle (vid,vlicense,make,model,year,color,odometer,gasTypeID,statusID,vtname,location,city,reserved) VALUES (98,98,'BMW','Camry','2020','violet','10004.46',3,2,'SUV','Antioquia','Bello',1);
INSERT INTO Vehicle (vid,vlicense,make,model,year,color,odometer,gasTypeID,statusID,vtname,location,city,reserved) VALUES (99,99,'Volkswagen','Camry','2020','violet','9996.06',2,2,'Truck','ATL','Malambo',1);
INSERT INTO Vehicle (vid,vlicense,make,model,year,color,odometer,gasTypeID,statusID,vtname,location,city,reserved) VALUES (100,100,'Mazda','Acura','2019','yellow','9996.13',2,3,'Standard','Atlántico','Soledad',1);

--Reservations
INSERT INTO Reservations (confNo,vtname,vlicense,dlicense,fromDateTime,toDateTime) VALUES (1,'Full-Size',1,1,'2020-01-02 11:03:52','2019-12-14 12:04:49');
INSERT INTO Reservations (confNo,vtname,vlicense,dlicense,fromDateTime,toDateTime) VALUES (2,'Economy',2,2,'2020-08-29 13:20:42','2019-01-30 10:12:49');
INSERT INTO Reservations (confNo,vtname,vlicense,dlicense,fromDateTime,toDateTime) VALUES (3,'Economy',3,3,'2019-12-25 18:14:23','2020-06-27 20:33:49');
INSERT INTO Reservations (confNo,vtname,vlicense,dlicense,fromDateTime,toDateTime) VALUES (4,'Mid-Size',4,4,'2020-09-26 13:39:38','2019-07-15 09:06:56');
INSERT INTO Reservations (confNo,vtname,vlicense,dlicense,fromDateTime,toDateTime) VALUES (5,'SUV',5,5,'2020-05-22 15:07:09','2019-08-04 09:02:09');
INSERT INTO Reservations (confNo,vtname,vlicense,dlicense,fromDateTime,toDateTime) VALUES (6,'Standard',6,6,'2020-05-17 00:26:34','2020-02-08 00:12:53');
INSERT INTO Reservations (confNo,vtname,vlicense,dlicense,fromDateTime,toDateTime) VALUES (7,'SUV',7,7,'2018-12-22 19:23:40','2020-02-12 02:34:41');
INSERT INTO Reservations (confNo,vtname,vlicense,dlicense,fromDateTime,toDateTime) VALUES (8,'Standard',8,8,'2019-10-06 15:24:00','2019-01-18 13:26:53');
INSERT INTO Reservations (confNo,vtname,vlicense,dlicense,fromDateTime,toDateTime) VALUES (9,'Full-Size',9,9,'2020-04-10 02:42:24','2020-09-12 14:17:37');
INSERT INTO Reservations (confNo,vtname,vlicense,dlicense,fromDateTime,toDateTime) VALUES (10,'Economy',10,10,'2020-06-23 04:26:23','2020-01-04 14:56:09');
INSERT INTO Reservations (confNo,vtname,vlicense,dlicense,fromDateTime,toDateTime) VALUES (11,'Full-Size',11,11,'2019-04-15 10:03:53','2019-06-20 14:14:08');
INSERT INTO Reservations (confNo,vtname,vlicense,dlicense,fromDateTime,toDateTime) VALUES (12,'Truck',12,12,'2020-09-14 16:48:05','2020-04-11 14:34:35');
INSERT INTO Reservations (confNo,vtname,vlicense,dlicense,fromDateTime,toDateTime) VALUES (13,'SUV',13,13,'2020-04-07 09:59:21','2020-07-09 23:01:16');
INSERT INTO Reservations (confNo,vtname,vlicense,dlicense,fromDateTime,toDateTime) VALUES (14,'Truck',14,14,'2019-10-11 22:01:39','2020-06-09 18:49:07');
INSERT INTO Reservations (confNo,vtname,vlicense,dlicense,fromDateTime,toDateTime) VALUES (15,'Truck',15,15,'2019-10-11 09:56:41','2019-01-06 02:05:48');
INSERT INTO Reservations (confNo,vtname,vlicense,dlicense,fromDateTime,toDateTime) VALUES (16,'Standard',16,16,'2019-06-08 16:03:14','2019-04-10 09:39:10');
INSERT INTO Reservations (confNo,vtname,vlicense,dlicense,fromDateTime,toDateTime) VALUES (17,'Standard',17,17,'2020-07-21 03:10:58','2020-05-25 06:18:24');
INSERT INTO Reservations (confNo,vtname,vlicense,dlicense,fromDateTime,toDateTime) VALUES (18,'Compact',18,18,'2019-01-13 17:03:47','2020-01-02 17:11:10');
INSERT INTO Reservations (confNo,vtname,vlicense,dlicense,fromDateTime,toDateTime) VALUES (19,'SUV',19,19,'2019-04-22 06:22:20','2020-04-02 07:58:43');
INSERT INTO Reservations (confNo,vtname,vlicense,dlicense,fromDateTime,toDateTime) VALUES (20,'Compact',20,20,'2019-05-14 08:26:25','2020-03-26 00:57:32');
INSERT INTO Reservations (confNo,vtname,vlicense,dlicense,fromDateTime,toDateTime) VALUES (21,'Mid-Size',21,21,'2019-08-13 03:29:31','2019-01-28 17:54:39');
INSERT INTO Reservations (confNo,vtname,vlicense,dlicense,fromDateTime,toDateTime) VALUES (22,'SUV',22,22,'2019-02-03 01:34:49','2019-09-21 16:05:36');
INSERT INTO Reservations (confNo,vtname,vlicense,dlicense,fromDateTime,toDateTime) VALUES (23,'Compact',23,23,'2020-10-19 04:31:29','2019-06-26 18:40:28');
INSERT INTO Reservations (confNo,vtname,vlicense,dlicense,fromDateTime,toDateTime) VALUES (24,'Standard',24,24,'2019-09-02 16:55:29','2019-01-08 23:56:02');
INSERT INTO Reservations (confNo,vtname,vlicense,dlicense,fromDateTime,toDateTime) VALUES (25,'SUV',25,25,'2019-11-20 10:16:23','2020-01-19 07:04:54');
INSERT INTO Reservations (confNo,vtname,vlicense,dlicense,fromDateTime,toDateTime) VALUES (26,'Full-Size',26,26,'2019-01-31 10:38:41','2020-10-14 19:44:59');
INSERT INTO Reservations (confNo,vtname,vlicense,dlicense,fromDateTime,toDateTime) VALUES (27,'SUV',27,27,'2019-11-16 12:46:18','2020-09-18 22:15:46');
INSERT INTO Reservations (confNo,vtname,vlicense,dlicense,fromDateTime,toDateTime) VALUES (28,'Standard',28,28,'2019-11-14 23:34:31','2019-04-30 04:47:38');
INSERT INTO Reservations (confNo,vtname,vlicense,dlicense,fromDateTime,toDateTime) VALUES (29,'Economy',29,29,'2020-01-13 11:28:29','2020-04-07 02:19:27');
INSERT INTO Reservations (confNo,vtname,vlicense,dlicense,fromDateTime,toDateTime) VALUES (30,'Full-Size',30,30,'2019-03-21 13:15:05','2020-05-20 13:27:25');
INSERT INTO Reservations (confNo,vtname,vlicense,dlicense,fromDateTime,toDateTime) VALUES (31,'Truck',31,31,'2019-10-19 17:32:28','2020-06-03 05:57:25');
INSERT INTO Reservations (confNo,vtname,vlicense,dlicense,fromDateTime,toDateTime) VALUES (32,'Truck',32,32,'2020-06-21 04:22:30','2020-07-06 22:21:40');
INSERT INTO Reservations (confNo,vtname,vlicense,dlicense,fromDateTime,toDateTime) VALUES (33,'Mid-Size',33,33,'2019-01-03 06:48:50','2020-08-07 18:21:25');
INSERT INTO Reservations (confNo,vtname,vlicense,dlicense,fromDateTime,toDateTime) VALUES (34,'Standard',34,34,'2020-07-11 20:48:09','2019-10-05 12:59:56');
INSERT INTO Reservations (confNo,vtname,vlicense,dlicense,fromDateTime,toDateTime) VALUES (35,'Mid-Size',35,35,'2019-01-08 02:12:00','2018-12-05 04:05:58');
INSERT INTO Reservations (confNo,vtname,vlicense,dlicense,fromDateTime,toDateTime) VALUES (36,'Mid-Size',36,36,'2019-09-13 04:47:05','2019-10-04 05:53:47');
INSERT INTO Reservations (confNo,vtname,vlicense,dlicense,fromDateTime,toDateTime) VALUES (37,'Mid-Size',37,37,'2019-07-07 11:33:44','2019-03-11 20:47:07');
INSERT INTO Reservations (confNo,vtname,vlicense,dlicense,fromDateTime,toDateTime) VALUES (38,'Truck',38,38,'2019-08-01 10:20:46','2019-08-11 19:10:33');
INSERT INTO Reservations (confNo,vtname,vlicense,dlicense,fromDateTime,toDateTime) VALUES (39,'Truck',39,39,'2020-04-08 05:57:46','2020-06-03 21:07:05');
INSERT INTO Reservations (confNo,vtname,vlicense,dlicense,fromDateTime,toDateTime) VALUES (40,'Truck',40,40,'2020-01-03 12:30:22','2019-08-02 18:51:08');
INSERT INTO Reservations (confNo,vtname,vlicense,dlicense,fromDateTime,toDateTime) VALUES (41,'Standard',41,41,'2019-07-26 13:14:43','2020-09-22 20:59:25');
INSERT INTO Reservations (confNo,vtname,vlicense,dlicense,fromDateTime,toDateTime) VALUES (42,'Compact',42,42,'2019-07-02 21:27:21','2019-11-30 22:23:44');
INSERT INTO Reservations (confNo,vtname,vlicense,dlicense,fromDateTime,toDateTime) VALUES (43,'Standard',43,43,'2019-05-25 07:33:39','2019-08-25 05:01:04');
INSERT INTO Reservations (confNo,vtname,vlicense,dlicense,fromDateTime,toDateTime) VALUES (44,'Standard',44,44,'2019-06-20 20:14:25','2020-02-12 07:00:14');
INSERT INTO Reservations (confNo,vtname,vlicense,dlicense,fromDateTime,toDateTime) VALUES (45,'Economy',45,45,'2020-01-05 14:19:48','2019-10-20 01:05:34');
INSERT INTO Reservations (confNo,vtname,vlicense,dlicense,fromDateTime,toDateTime) VALUES (46,'Economy',46,46,'2020-08-19 02:37:50','2020-02-05 00:35:43');
INSERT INTO Reservations (confNo,vtname,vlicense,dlicense,fromDateTime,toDateTime) VALUES (47,'Compact',47,47,'2019-10-01 05:48:46','2020-05-26 20:59:51');
INSERT INTO Reservations (confNo,vtname,vlicense,dlicense,fromDateTime,toDateTime) VALUES (48,'Truck',48,48,'2019-03-13 06:26:36','2020-01-14 05:56:16');
INSERT INTO Reservations (confNo,vtname,vlicense,dlicense,fromDateTime,toDateTime) VALUES (49,'Economy',49,49,'2018-11-20 01:05:29','2020-05-28 12:06:42');
INSERT INTO Reservations (confNo,vtname,vlicense,dlicense,fromDateTime,toDateTime) VALUES (50,'Full-Size',50,50,'2019-10-05 19:58:55','2019-11-17 20:55:38');
INSERT INTO Reservations (confNo,vtname,vlicense,dlicense,fromDateTime,toDateTime) VALUES (51,'Truck',51,51,'2019-11-26 21:47:22','2020-02-25 18:48:31');
INSERT INTO Reservations (confNo,vtname,vlicense,dlicense,fromDateTime,toDateTime) VALUES (52,'Economy',52,52,'2019-08-03 05:10:44','2019-02-24 06:17:34');
INSERT INTO Reservations (confNo,vtname,vlicense,dlicense,fromDateTime,toDateTime) VALUES (53,'Economy',53,53,'2020-01-18 18:09:02','2019-04-02 13:58:27');
INSERT INTO Reservations (confNo,vtname,vlicense,dlicense,fromDateTime,toDateTime) VALUES (54,'Mid-Size',54,54,'2020-06-05 05:20:14','2018-12-11 12:11:39');
INSERT INTO Reservations (confNo,vtname,vlicense,dlicense,fromDateTime,toDateTime) VALUES (55,'Economy',55,55,'2020-10-02 16:26:18','2018-11-30 16:00:47');
INSERT INTO Reservations (confNo,vtname,vlicense,dlicense,fromDateTime,toDateTime) VALUES (56,'Standard',56,56,'2019-03-12 19:50:32','2020-02-13 00:21:29');
INSERT INTO Reservations (confNo,vtname,vlicense,dlicense,fromDateTime,toDateTime) VALUES (57,'Mid-Size',57,57,'2019-05-16 13:24:09','2018-12-04 13:57:04');
INSERT INTO Reservations (confNo,vtname,vlicense,dlicense,fromDateTime,toDateTime) VALUES (58,'Truck',58,58,'2020-02-17 19:31:44','2018-12-29 08:12:43');
INSERT INTO Reservations (confNo,vtname,vlicense,dlicense,fromDateTime,toDateTime) VALUES (59,'Truck',59,59,'2020-09-12 04:32:53','2020-07-31 23:03:11');
INSERT INTO Reservations (confNo,vtname,vlicense,dlicense,fromDateTime,toDateTime) VALUES (60,'Truck',60,60,'2020-04-15 09:00:00','2020-02-11 22:29:46');
INSERT INTO Reservations (confNo,vtname,vlicense,dlicense,fromDateTime,toDateTime) VALUES (61,'Compact',61,61,'2020-08-27 21:54:12','2019-01-06 08:25:36');
INSERT INTO Reservations (confNo,vtname,vlicense,dlicense,fromDateTime,toDateTime) VALUES (62,'SUV',62,62,'2019-07-10 00:15:29','2020-06-27 19:35:44');
INSERT INTO Reservations (confNo,vtname,vlicense,dlicense,fromDateTime,toDateTime) VALUES (63,'Mid-Size',63,63,'2019-02-01 07:35:25','2019-03-19 23:12:40');
INSERT INTO Reservations (confNo,vtname,vlicense,dlicense,fromDateTime,toDateTime) VALUES (64,'SUV',64,64,'2020-01-08 16:27:20','2020-09-03 06:31:56');
INSERT INTO Reservations (confNo,vtname,vlicense,dlicense,fromDateTime,toDateTime) VALUES (65,'Truck',65,65,'2020-11-06 04:44:52','2020-01-12 02:55:36');
INSERT INTO Reservations (confNo,vtname,vlicense,dlicense,fromDateTime,toDateTime) VALUES (66,'SUV',66,66,'2019-03-13 07:32:42','2019-07-16 06:54:32');
INSERT INTO Reservations (confNo,vtname,vlicense,dlicense,fromDateTime,toDateTime) VALUES (67,'SUV',67,67,'2019-01-06 10:40:33','2020-09-16 07:28:27');
INSERT INTO Reservations (confNo,vtname,vlicense,dlicense,fromDateTime,toDateTime) VALUES (68,'Standard',68,68,'2020-04-07 21:01:47','2019-06-26 04:31:11');
INSERT INTO Reservations (confNo,vtname,vlicense,dlicense,fromDateTime,toDateTime) VALUES (69,'Full-Size',69,69,'2019-12-17 07:53:19','2020-05-30 04:42:30');
INSERT INTO Reservations (confNo,vtname,vlicense,dlicense,fromDateTime,toDateTime) VALUES (70,'Economy',70,70,'2019-10-02 11:06:27','2019-03-19 09:49:13');
INSERT INTO Reservations (confNo,vtname,vlicense,dlicense,fromDateTime,toDateTime) VALUES (71,'Economy',71,71,'2019-10-18 17:44:36','2019-08-13 18:10:15');
INSERT INTO Reservations (confNo,vtname,vlicense,dlicense,fromDateTime,toDateTime) VALUES (72,'SUV',72,72,'2020-03-16 15:43:12','2020-06-06 19:28:15');
INSERT INTO Reservations (confNo,vtname,vlicense,dlicense,fromDateTime,toDateTime) VALUES (73,'Standard',73,73,'2019-06-18 20:10:04','2019-02-14 21:42:07');
INSERT INTO Reservations (confNo,vtname,vlicense,dlicense,fromDateTime,toDateTime) VALUES (74,'SUV',74,74,'2019-03-23 12:02:28','2019-08-14 21:21:53');
INSERT INTO Reservations (confNo,vtname,vlicense,dlicense,fromDateTime,toDateTime) VALUES (75,'SUV',75,75,'2019-01-07 22:27:28','2019-02-25 13:49:59');
INSERT INTO Reservations (confNo,vtname,vlicense,dlicense,fromDateTime,toDateTime) VALUES (76,'Compact',76,76,'2020-04-04 10:48:22','2019-03-05 04:54:37');
INSERT INTO Reservations (confNo,vtname,vlicense,dlicense,fromDateTime,toDateTime) VALUES (77,'Full-Size',77,77,'2020-07-05 05:16:34','2020-09-07 10:44:59');
INSERT INTO Reservations (confNo,vtname,vlicense,dlicense,fromDateTime,toDateTime) VALUES (78,'Mid-Size',78,78,'2020-04-11 10:07:32','2020-08-17 05:41:58');
INSERT INTO Reservations (confNo,vtname,vlicense,dlicense,fromDateTime,toDateTime) VALUES (79,'Economy',79,79,'2018-12-28 05:27:26','2019-01-10 02:55:22');
INSERT INTO Reservations (confNo,vtname,vlicense,dlicense,fromDateTime,toDateTime) VALUES (80,'Compact',80,80,'2019-09-04 03:09:11','2019-05-03 18:18:03');
INSERT INTO Reservations (confNo,vtname,vlicense,dlicense,fromDateTime,toDateTime) VALUES (81,'Truck',81,81,'2020-07-26 16:15:11','2020-03-13 14:47:53');
INSERT INTO Reservations (confNo,vtname,vlicense,dlicense,fromDateTime,toDateTime) VALUES (82,'Truck',82,82,'2019-06-06 02:25:11','2019-02-10 22:42:06');
INSERT INTO Reservations (confNo,vtname,vlicense,dlicense,fromDateTime,toDateTime) VALUES (83,'Compact',83,83,'2020-10-17 08:03:20','2018-11-26 10:30:37');
INSERT INTO Reservations (confNo,vtname,vlicense,dlicense,fromDateTime,toDateTime) VALUES (84,'SUV',84,84,'2019-02-17 12:48:11','2020-06-25 14:03:26');
INSERT INTO Reservations (confNo,vtname,vlicense,dlicense,fromDateTime,toDateTime) VALUES (85,'SUV',85,85,'2019-09-03 00:25:11','2019-12-16 05:31:06');
INSERT INTO Reservations (confNo,vtname,vlicense,dlicense,fromDateTime,toDateTime) VALUES (86,'Standard',86,86,'2019-04-05 03:54:26','2019-08-01 15:05:08');
INSERT INTO Reservations (confNo,vtname,vlicense,dlicense,fromDateTime,toDateTime) VALUES (87,'Economy',87,87,'2020-01-27 07:31:55','2020-10-17 07:37:55');
INSERT INTO Reservations (confNo,vtname,vlicense,dlicense,fromDateTime,toDateTime) VALUES (88,'SUV',88,88,'2020-03-25 01:22:49','2020-06-02 19:45:34');
INSERT INTO Reservations (confNo,vtname,vlicense,dlicense,fromDateTime,toDateTime) VALUES (89,'Economy',89,89,'2019-10-21 12:50:50','2020-09-16 01:40:39');
INSERT INTO Reservations (confNo,vtname,vlicense,dlicense,fromDateTime,toDateTime) VALUES (90,'Compact',90,90,'2019-07-14 01:31:44','2019-06-24 04:56:20');
INSERT INTO Reservations (confNo,vtname,vlicense,dlicense,fromDateTime,toDateTime) VALUES (91,'Mid-Size',91,91,'2020-11-16 12:22:32','2020-09-03 13:39:27');
INSERT INTO Reservations (confNo,vtname,vlicense,dlicense,fromDateTime,toDateTime) VALUES (92,'Standard',92,92,'2019-08-31 14:33:50','2019-12-29 18:57:47');
INSERT INTO Reservations (confNo,vtname,vlicense,dlicense,fromDateTime,toDateTime) VALUES (93,'Truck',93,93,'2020-09-04 08:43:11','2020-02-05 18:37:20');
INSERT INTO Reservations (confNo,vtname,vlicense,dlicense,fromDateTime,toDateTime) VALUES (94,'Standard',94,94,'2019-05-24 16:45:57','2020-02-14 17:40:28');
INSERT INTO Reservations (confNo,vtname,vlicense,dlicense,fromDateTime,toDateTime) VALUES (95,'Compact',95,95,'2019-01-11 19:22:22','2020-04-27 14:48:32');
INSERT INTO Reservations (confNo,vtname,vlicense,dlicense,fromDateTime,toDateTime) VALUES (96,'Truck',96,96,'2019-02-09 18:19:04','2019-11-19 18:56:26');
INSERT INTO Reservations (confNo,vtname,vlicense,dlicense,fromDateTime,toDateTime) VALUES (97,'Compact',97,97,'2020-05-19 14:48:06','2019-06-12 20:07:42');
INSERT INTO Reservations (confNo,vtname,vlicense,dlicense,fromDateTime,toDateTime) VALUES (98,'Economy',98,98,'2020-06-23 06:44:18','2019-08-08 11:27:23');
INSERT INTO Reservations (confNo,vtname,vlicense,dlicense,fromDateTime,toDateTime) VALUES (99,'Compact',99,99,'2019-01-24 23:37:49','2020-01-04 13:32:14');
INSERT INTO Reservations (confNo,vtname,vlicense,dlicense,fromDateTime,toDateTime) VALUES (100,'SUV',100,100,'2019-06-13 14:14:58','2020-05-19 04:50:47');

-- Cards
INSERT INTO Cards (cardNo,expDate,cardName) VALUES (1,'2020-01-02 04:34:27','Jarrod');
INSERT INTO Cards (cardNo,expDate,cardName) VALUES (2,'2020-02-10 13:40:01','Oliver');
INSERT INTO Cards (cardNo,expDate,cardName) VALUES (3,'2020-04-24 03:16:17','Octavius');
INSERT INTO Cards (cardNo,expDate,cardName) VALUES (4,'2019-11-02 10:57:48','Armand');
INSERT INTO Cards (cardNo,expDate,cardName) VALUES (5,'2019-06-19 12:55:05','Hollee');
INSERT INTO Cards (cardNo,expDate,cardName) VALUES (6,'2019-09-29 21:18:36','Hayes');
INSERT INTO Cards (cardNo,expDate,cardName) VALUES (7,'2019-11-02 18:41:04','Reece');
INSERT INTO Cards (cardNo,expDate,cardName) VALUES (8,'2020-04-24 15:50:59','Lucius');
INSERT INTO Cards (cardNo,expDate,cardName) VALUES (9,'2019-06-23 06:57:44','Allistair');
INSERT INTO Cards (cardNo,expDate,cardName) VALUES (10,'2019-09-12 16:40:39','Winifred');
INSERT INTO Cards (cardNo,expDate,cardName) VALUES (11,'2020-02-02 12:57:45','Brynn');
INSERT INTO Cards (cardNo,expDate,cardName) VALUES (12,'2020-06-04 12:50:01','Jaime');
INSERT INTO Cards (cardNo,expDate,cardName) VALUES (13,'2019-10-19 15:39:50','Alana');
INSERT INTO Cards (cardNo,expDate,cardName) VALUES (14,'2019-09-13 14:14:56','Nadine');
INSERT INTO Cards (cardNo,expDate,cardName) VALUES (15,'2019-04-12 01:51:20','May');
INSERT INTO Cards (cardNo,expDate,cardName) VALUES (16,'2019-09-19 11:11:19','Shelley');
INSERT INTO Cards (cardNo,expDate,cardName) VALUES (17,'2019-05-02 13:20:35','Kadeem');
INSERT INTO Cards (cardNo,expDate,cardName) VALUES (18,'2019-09-15 12:17:09','Oliver');
INSERT INTO Cards (cardNo,expDate,cardName) VALUES (19,'2020-11-12 08:05:52','David');
INSERT INTO Cards (cardNo,expDate,cardName) VALUES (20,'2019-04-26 14:20:31','Randall');
INSERT INTO Cards (cardNo,expDate,cardName) VALUES (21,'2020-05-13 13:34:50','Beverly');
INSERT INTO Cards (cardNo,expDate,cardName) VALUES (22,'2020-03-06 00:35:45','Herman');
INSERT INTO Cards (cardNo,expDate,cardName) VALUES (23,'2020-07-21 22:20:15','Keith');
INSERT INTO Cards (cardNo,expDate,cardName) VALUES (24,'2020-03-09 04:21:54','Quin');
INSERT INTO Cards (cardNo,expDate,cardName) VALUES (25,'2019-05-29 13:58:52','Declan');
INSERT INTO Cards (cardNo,expDate,cardName) VALUES (26,'2020-02-19 03:59:53','Alfonso');
INSERT INTO Cards (cardNo,expDate,cardName) VALUES (27,'2019-10-19 06:52:16','Armand');
INSERT INTO Cards (cardNo,expDate,cardName) VALUES (28,'2020-04-28 06:42:12','Merrill');
INSERT INTO Cards (cardNo,expDate,cardName) VALUES (29,'2019-10-22 07:30:55','Paul');
INSERT INTO Cards (cardNo,expDate,cardName) VALUES (30,'2019-10-17 11:56:43','Nolan');
INSERT INTO Cards (cardNo,expDate,cardName) VALUES (31,'2018-12-16 16:06:11','Forrest');
INSERT INTO Cards (cardNo,expDate,cardName) VALUES (32,'2020-03-13 14:28:20','Erasmus');
INSERT INTO Cards (cardNo,expDate,cardName) VALUES (33,'2020-01-07 04:05:38','Aileen');
INSERT INTO Cards (cardNo,expDate,cardName) VALUES (34,'2020-02-01 23:24:01','Jorden');
INSERT INTO Cards (cardNo,expDate,cardName) VALUES (35,'2019-01-31 13:58:35','Jin');
INSERT INTO Cards (cardNo,expDate,cardName) VALUES (36,'2019-02-10 00:04:28','Iliana');
INSERT INTO Cards (cardNo,expDate,cardName) VALUES (37,'2020-06-04 03:26:16','Conan');
INSERT INTO Cards (cardNo,expDate,cardName) VALUES (38,'2019-07-29 13:33:13','Zoe');
INSERT INTO Cards (cardNo,expDate,cardName) VALUES (39,'2018-11-20 23:12:36','Clementine');
INSERT INTO Cards (cardNo,expDate,cardName) VALUES (40,'2020-08-23 06:50:00','Rogan');
INSERT INTO Cards (cardNo,expDate,cardName) VALUES (41,'2020-04-22 07:16:49','Isabelle');
INSERT INTO Cards (cardNo,expDate,cardName) VALUES (42,'2019-09-08 08:11:39','Fleur');
INSERT INTO Cards (cardNo,expDate,cardName) VALUES (43,'2019-01-02 13:15:41','Gay');
INSERT INTO Cards (cardNo,expDate,cardName) VALUES (44,'2019-07-27 23:43:59','Uma');
INSERT INTO Cards (cardNo,expDate,cardName) VALUES (45,'2020-04-26 16:40:43','Cynthia');
INSERT INTO Cards (cardNo,expDate,cardName) VALUES (46,'2019-10-23 22:06:00','Calvin');
INSERT INTO Cards (cardNo,expDate,cardName) VALUES (47,'2019-09-24 07:21:28','Briar');
INSERT INTO Cards (cardNo,expDate,cardName) VALUES (48,'2020-06-13 00:05:41','Luke');
INSERT INTO Cards (cardNo,expDate,cardName) VALUES (49,'2018-12-21 03:34:45','Leo');
INSERT INTO Cards (cardNo,expDate,cardName) VALUES (50,'2019-06-12 15:45:58','Rhea');
INSERT INTO Cards (cardNo,expDate,cardName) VALUES (51,'2019-07-08 10:06:51','Reed');
INSERT INTO Cards (cardNo,expDate,cardName) VALUES (52,'2019-09-16 17:49:06','Dustin');
INSERT INTO Cards (cardNo,expDate,cardName) VALUES (53,'2020-10-13 21:22:31','Tatyana');
INSERT INTO Cards (cardNo,expDate,cardName) VALUES (54,'2020-04-08 17:48:14','Camden');
INSERT INTO Cards (cardNo,expDate,cardName) VALUES (55,'2019-03-15 14:30:14','Jared');
INSERT INTO Cards (cardNo,expDate,cardName) VALUES (56,'2020-03-23 16:52:29','Rajah');
INSERT INTO Cards (cardNo,expDate,cardName) VALUES (57,'2020-03-26 08:26:57','Denise');
INSERT INTO Cards (cardNo,expDate,cardName) VALUES (58,'2019-08-28 00:30:34','Imelda');
INSERT INTO Cards (cardNo,expDate,cardName) VALUES (59,'2019-03-13 13:36:13','Kellie');
INSERT INTO Cards (cardNo,expDate,cardName) VALUES (60,'2020-01-15 01:57:22','Darryl');
INSERT INTO Cards (cardNo,expDate,cardName) VALUES (61,'2019-11-05 01:06:24','Buckminster');
INSERT INTO Cards (cardNo,expDate,cardName) VALUES (62,'2020-01-27 17:16:16','Fletcher');
INSERT INTO Cards (cardNo,expDate,cardName) VALUES (63,'2019-05-14 09:46:53','Ryder');
INSERT INTO Cards (cardNo,expDate,cardName) VALUES (64,'2020-04-05 03:23:36','Kirby');
INSERT INTO Cards (cardNo,expDate,cardName) VALUES (65,'2020-09-28 17:50:09','Regan');
INSERT INTO Cards (cardNo,expDate,cardName) VALUES (66,'2020-04-20 07:31:37','Boris');
INSERT INTO Cards (cardNo,expDate,cardName) VALUES (67,'2020-09-12 10:22:59','Vladimir');
INSERT INTO Cards (cardNo,expDate,cardName) VALUES (68,'2018-12-02 16:17:56','Selma');
INSERT INTO Cards (cardNo,expDate,cardName) VALUES (69,'2020-08-01 04:58:46','Iona');
INSERT INTO Cards (cardNo,expDate,cardName) VALUES (70,'2019-04-29 22:25:20','Nasim');
INSERT INTO Cards (cardNo,expDate,cardName) VALUES (71,'2020-06-07 13:04:45','Kylie');
INSERT INTO Cards (cardNo,expDate,cardName) VALUES (72,'2019-04-30 12:57:41','Keaton');
INSERT INTO Cards (cardNo,expDate,cardName) VALUES (73,'2020-08-21 10:23:59','Jonas');
INSERT INTO Cards (cardNo,expDate,cardName) VALUES (74,'2018-11-25 06:42:24','Guy');
INSERT INTO Cards (cardNo,expDate,cardName) VALUES (75,'2019-12-13 04:21:37','Jordan');
INSERT INTO Cards (cardNo,expDate,cardName) VALUES (76,'2019-02-08 09:05:37','Aline');
INSERT INTO Cards (cardNo,expDate,cardName) VALUES (77,'2020-05-02 04:36:46','Craig');
INSERT INTO Cards (cardNo,expDate,cardName) VALUES (78,'2020-08-15 23:15:33','Xyla');
INSERT INTO Cards (cardNo,expDate,cardName) VALUES (79,'2019-03-20 15:39:21','Barrett');
INSERT INTO Cards (cardNo,expDate,cardName) VALUES (80,'2020-08-01 19:59:43','Genevieve');
INSERT INTO Cards (cardNo,expDate,cardName) VALUES (81,'2019-12-30 14:50:13','Jonah');
INSERT INTO Cards (cardNo,expDate,cardName) VALUES (82,'2019-02-23 20:26:01','Elmo');
INSERT INTO Cards (cardNo,expDate,cardName) VALUES (83,'2018-12-16 07:49:24','Emery');
INSERT INTO Cards (cardNo,expDate,cardName) VALUES (84,'2018-12-14 07:05:56','Stuart');
INSERT INTO Cards (cardNo,expDate,cardName) VALUES (85,'2020-10-10 01:20:40','Hilary');
INSERT INTO Cards (cardNo,expDate,cardName) VALUES (86,'2020-09-04 19:53:38','Barclay');
INSERT INTO Cards (cardNo,expDate,cardName) VALUES (87,'2019-07-15 09:27:55','Baker');
INSERT INTO Cards (cardNo,expDate,cardName) VALUES (88,'2019-02-24 22:46:27','Oscar');
INSERT INTO Cards (cardNo,expDate,cardName) VALUES (89,'2020-01-09 03:50:18','Ivana');
INSERT INTO Cards (cardNo,expDate,cardName) VALUES (90,'2019-10-03 03:24:29','Flynn');
INSERT INTO Cards (cardNo,expDate,cardName) VALUES (91,'2018-12-25 01:12:43','Ulric');
INSERT INTO Cards (cardNo,expDate,cardName) VALUES (92,'2019-10-26 02:12:12','Bree');
INSERT INTO Cards (cardNo,expDate,cardName) VALUES (93,'2019-01-30 18:06:58','Robert');
INSERT INTO Cards (cardNo,expDate,cardName) VALUES (94,'2020-06-26 10:06:59','Gemma');
INSERT INTO Cards (cardNo,expDate,cardName) VALUES (95,'2019-07-21 12:24:25','Brittany');
INSERT INTO Cards (cardNo,expDate,cardName) VALUES (96,'2020-10-05 21:11:49','Harrison');
INSERT INTO Cards (cardNo,expDate,cardName) VALUES (97,'2019-10-28 05:35:11','Naomi');
INSERT INTO Cards (cardNo,expDate,cardName) VALUES (98,'2019-06-26 23:39:03','Sage');
INSERT INTO Cards (cardNo,expDate,cardName) VALUES (99,'2020-05-27 08:46:52','Neville');
INSERT INTO Cards (cardNo,expDate,cardName) VALUES (100,'2018-12-26 13:47:57','Ava');


-- Rent
INSERT INTO Rent (rid,vlicense,dlicense,dateTime,fromdateTime,todateTime,odometer,cardNo,confNo) VALUES (1,1,1,'2020-02-22 17:50:38','2020-11-07 22:49:25','2018-12-30 05:06:10','55273',1,1);
INSERT INTO Rent (rid,vlicense,dlicense,dateTime,fromdateTime,todateTime,odometer,cardNo,confNo) VALUES (2,2,2,'2020-02-19 11:09:52','2019-08-15 00:56:29','2019-03-16 07:30:51','39661',2,2);
INSERT INTO Rent (rid,vlicense,dlicense,dateTime,fromdateTime,todateTime,odometer,cardNo,confNo) VALUES (3,3,3,'2020-10-16 05:22:17','2019-03-31 23:05:58','2019-08-07 10:52:05','86195',3,3);
INSERT INTO Rent (rid,vlicense,dlicense,dateTime,fromdateTime,todateTime,odometer,cardNo,confNo) VALUES (4,4,4,'2020-07-24 19:11:30','2019-10-22 09:34:50','2018-11-28 16:24:22','38779',4,4);
INSERT INTO Rent (rid,vlicense,dlicense,dateTime,fromdateTime,todateTime,odometer,cardNo,confNo) VALUES (5,5,5,'2019-06-04 14:34:00','2019-02-17 06:35:56','2019-09-27 08:35:56','73578',5,5);
INSERT INTO Rent (rid,vlicense,dlicense,dateTime,fromdateTime,todateTime,odometer,cardNo,confNo) VALUES (6,6,6,'2019-06-03 21:53:05','2019-05-14 02:30:12','2020-05-26 11:37:21','69554',6,6);
INSERT INTO Rent (rid,vlicense,dlicense,dateTime,fromdateTime,todateTime,odometer,cardNo,confNo) VALUES (7,7,7,'2020-06-02 02:17:30','2019-03-16 13:10:20','2019-03-12 19:39:06','08418',7,7);
INSERT INTO Rent (rid,vlicense,dlicense,dateTime,fromdateTime,todateTime,odometer,cardNo,confNo) VALUES (8,8,8,'2019-10-30 02:45:44','2020-03-17 09:35:41','2020-09-26 18:11:43','03089',8,8);
INSERT INTO Rent (rid,vlicense,dlicense,dateTime,fromdateTime,todateTime,odometer,cardNo,confNo) VALUES (9,9,9,'2019-03-09 10:22:17','2019-08-11 08:32:32','2020-10-05 14:43:47','33013',9,9);
INSERT INTO Rent (rid,vlicense,dlicense,dateTime,fromdateTime,todateTime,odometer,cardNo,confNo) VALUES (10,10,10,'2019-05-13 02:46:53','2019-11-21 12:56:16','2019-07-31 05:50:35','80724',10,10);
INSERT INTO Rent (rid,vlicense,dlicense,dateTime,fromdateTime,todateTime,odometer,cardNo,confNo) VALUES (11,11,11,'2019-10-28 13:41:45','2019-10-02 00:52:47','2020-04-30 13:39:08','06565',11,11);
INSERT INTO Rent (rid,vlicense,dlicense,dateTime,fromdateTime,todateTime,odometer,cardNo,confNo) VALUES (12,12,12,'2020-06-03 02:01:56','2020-03-19 01:29:39','2020-10-16 06:32:41','06556',12,12);
INSERT INTO Rent (rid,vlicense,dlicense,dateTime,fromdateTime,todateTime,odometer,cardNo,confNo) VALUES (13,13,13,'2019-04-19 18:12:52','2020-01-20 18:01:39','2019-01-24 12:43:49','92778',13,13);
INSERT INTO Rent (rid,vlicense,dlicense,dateTime,fromdateTime,todateTime,odometer,cardNo,confNo) VALUES (14,14,14,'2020-10-31 17:26:00','2020-05-08 02:22:43','2018-12-24 05:45:12','69237',14,14);
INSERT INTO Rent (rid,vlicense,dlicense,dateTime,fromdateTime,todateTime,odometer,cardNo,confNo) VALUES (15,15,15,'2019-06-22 05:53:52','2020-01-29 23:11:12','2019-07-27 13:29:03','15912',15,15);
INSERT INTO Rent (rid,vlicense,dlicense,dateTime,fromdateTime,todateTime,odometer,cardNo,confNo) VALUES (16,16,16,'2019-01-26 21:47:04','2019-02-15 22:57:33','2019-08-18 02:25:50','48242',16,16);
INSERT INTO Rent (rid,vlicense,dlicense,dateTime,fromdateTime,todateTime,odometer,cardNo,confNo) VALUES (17,17,17,'2020-09-16 23:56:23','2019-03-05 00:44:44','2020-05-23 03:40:53','63847',17,17);
INSERT INTO Rent (rid,vlicense,dlicense,dateTime,fromdateTime,todateTime,odometer,cardNo,confNo) VALUES (18,18,18,'2020-03-30 23:51:19','2019-03-21 04:06:59','2020-09-25 18:22:22','09371',18,18);
INSERT INTO Rent (rid,vlicense,dlicense,dateTime,fromdateTime,todateTime,odometer,cardNo,confNo) VALUES (19,19,19,'2020-11-16 07:06:23','2018-12-13 21:43:05','2018-12-04 08:17:41','02894',19,19);
INSERT INTO Rent (rid,vlicense,dlicense,dateTime,fromdateTime,todateTime,odometer,cardNo,confNo) VALUES (20,20,20,'2020-07-20 02:02:44','2019-12-29 09:16:39','2020-01-01 22:17:33','78996',20,20);
INSERT INTO Rent (rid,vlicense,dlicense,dateTime,fromdateTime,todateTime,odometer,cardNo,confNo) VALUES (21,21,21,'2019-01-07 00:20:21','2020-05-08 13:09:31','2019-02-16 06:35:49','41771',21,21);
INSERT INTO Rent (rid,vlicense,dlicense,dateTime,fromdateTime,todateTime,odometer,cardNo,confNo) VALUES (22,22,22,'2019-05-21 17:28:27','2020-08-20 12:22:16','2020-08-04 08:53:33','50157',22,22);
INSERT INTO Rent (rid,vlicense,dlicense,dateTime,fromdateTime,todateTime,odometer,cardNo,confNo) VALUES (23,23,23,'2020-11-15 20:00:57','2019-09-17 22:00:26','2018-12-20 18:17:30','57655',23,23);
INSERT INTO Rent (rid,vlicense,dlicense,dateTime,fromdateTime,todateTime,odometer,cardNo,confNo) VALUES (24,24,24,'2019-07-28 02:58:36','2019-07-21 17:00:56','2020-02-26 23:50:10','33437',24,24);
INSERT INTO Rent (rid,vlicense,dlicense,dateTime,fromdateTime,todateTime,odometer,cardNo,confNo) VALUES (25,25,25,'2019-03-13 05:26:47','2020-07-25 08:27:33','2019-06-30 12:40:05','28743',25,25);
INSERT INTO Rent (rid,vlicense,dlicense,dateTime,fromdateTime,todateTime,odometer,cardNo,confNo) VALUES (26,26,26,'2019-03-20 00:59:43','2019-08-20 02:28:21','2020-10-27 16:53:08','95566',26,26);
INSERT INTO Rent (rid,vlicense,dlicense,dateTime,fromdateTime,todateTime,odometer,cardNo,confNo) VALUES (27,27,27,'2019-07-07 06:14:24','2020-04-04 01:55:30','2020-03-24 07:29:05','65927',27,27);
INSERT INTO Rent (rid,vlicense,dlicense,dateTime,fromdateTime,todateTime,odometer,cardNo,confNo) VALUES (28,28,28,'2019-04-06 20:06:22','2020-06-13 08:08:53','2019-10-14 04:49:24','91320',28,28);
INSERT INTO Rent (rid,vlicense,dlicense,dateTime,fromdateTime,todateTime,odometer,cardNo,confNo) VALUES (29,29,29,'2020-01-19 23:28:56','2020-01-04 04:40:55','2019-11-13 10:46:35','19209',29,29);
INSERT INTO Rent (rid,vlicense,dlicense,dateTime,fromdateTime,todateTime,odometer,cardNo,confNo) VALUES (30,30,30,'2020-05-11 05:26:59','2020-08-16 08:37:02','2019-05-20 21:14:31','89776',30,30);
INSERT INTO Rent (rid,vlicense,dlicense,dateTime,fromdateTime,todateTime,odometer,cardNo,confNo) VALUES (31,31,31,'2018-12-22 19:43:49','2020-08-30 16:01:38','2019-09-02 16:55:04','16128',31,31);
INSERT INTO Rent (rid,vlicense,dlicense,dateTime,fromdateTime,todateTime,odometer,cardNo,confNo) VALUES (32,32,32,'2019-12-27 01:08:41','2020-10-16 12:19:15','2019-07-03 12:42:57','92501',32,32);
INSERT INTO Rent (rid,vlicense,dlicense,dateTime,fromdateTime,todateTime,odometer,cardNo,confNo) VALUES (33,33,33,'2019-03-22 23:12:53','2020-07-02 13:49:37','2019-09-15 15:05:18','00953',33,33);
INSERT INTO Rent (rid,vlicense,dlicense,dateTime,fromdateTime,todateTime,odometer,cardNo,confNo) VALUES (34,34,34,'2019-11-24 17:56:13','2019-12-09 02:04:09','2020-05-05 13:07:55','44540',34,34);
INSERT INTO Rent (rid,vlicense,dlicense,dateTime,fromdateTime,todateTime,odometer,cardNo,confNo) VALUES (35,35,35,'2019-08-22 23:22:28','2020-07-09 05:11:51','2019-09-11 20:29:31','80936',35,35);
INSERT INTO Rent (rid,vlicense,dlicense,dateTime,fromdateTime,todateTime,odometer,cardNo,confNo) VALUES (36,36,36,'2019-06-28 02:18:16','2020-06-07 10:17:23','2019-03-28 06:39:35','82137',36,36);
INSERT INTO Rent (rid,vlicense,dlicense,dateTime,fromdateTime,todateTime,odometer,cardNo,confNo) VALUES (37,37,37,'2019-04-29 03:05:35','2020-08-27 16:57:24','2019-02-28 19:35:39','48887',37,37);
INSERT INTO Rent (rid,vlicense,dlicense,dateTime,fromdateTime,todateTime,odometer,cardNo,confNo) VALUES (38,38,38,'2020-02-17 10:02:34','2020-02-02 21:18:10','2020-10-02 02:22:51','13943',38,38);
INSERT INTO Rent (rid,vlicense,dlicense,dateTime,fromdateTime,todateTime,odometer,cardNo,confNo) VALUES (39,39,39,'2020-04-26 12:01:09','2020-09-08 17:00:17','2019-11-22 00:21:06','98124',39,39);
INSERT INTO Rent (rid,vlicense,dlicense,dateTime,fromdateTime,todateTime,odometer,cardNo,confNo) VALUES (40,40,40,'2019-02-05 08:03:28','2018-12-20 00:07:50','2019-03-28 13:04:06','20457',40,40);
INSERT INTO Rent (rid,vlicense,dlicense,dateTime,fromdateTime,todateTime,odometer,cardNo,confNo) VALUES (41,41,41,'2019-01-08 15:41:44','2018-12-31 18:03:10','2019-02-20 13:11:00','84256',41,41);
INSERT INTO Rent (rid,vlicense,dlicense,dateTime,fromdateTime,todateTime,odometer,cardNo,confNo) VALUES (42,42,42,'2020-08-17 17:27:52','2018-12-21 13:57:48','2019-05-30 11:00:43','08713',42,42);
INSERT INTO Rent (rid,vlicense,dlicense,dateTime,fromdateTime,todateTime,odometer,cardNo,confNo) VALUES (43,43,43,'2020-03-28 02:55:39','2019-10-21 03:03:41','2020-03-28 04:07:06','21938',43,43);
INSERT INTO Rent (rid,vlicense,dlicense,dateTime,fromdateTime,todateTime,odometer,cardNo,confNo) VALUES (44,44,44,'2020-01-06 20:06:52','2019-04-11 05:33:47','2020-03-03 17:33:23','05768',44,44);
INSERT INTO Rent (rid,vlicense,dlicense,dateTime,fromdateTime,todateTime,odometer,cardNo,confNo) VALUES (45,45,45,'2019-03-23 04:49:02','2019-02-19 18:19:51','2019-10-11 22:04:10','61917',45,45);
INSERT INTO Rent (rid,vlicense,dlicense,dateTime,fromdateTime,todateTime,odometer,cardNo,confNo) VALUES (46,46,46,'2020-09-07 08:21:46','2020-04-06 18:40:28','2020-05-20 06:23:51','02409',46,46);
INSERT INTO Rent (rid,vlicense,dlicense,dateTime,fromdateTime,todateTime,odometer,cardNo,confNo) VALUES (47,47,47,'2020-07-19 20:54:02','2020-07-21 05:20:42','2019-02-02 02:56:18','05895',47,47);
INSERT INTO Rent (rid,vlicense,dlicense,dateTime,fromdateTime,todateTime,odometer,cardNo,confNo) VALUES (48,48,48,'2019-02-22 08:06:28','2020-06-18 22:55:05','2020-06-04 18:51:48','36959',48,48);
INSERT INTO Rent (rid,vlicense,dlicense,dateTime,fromdateTime,todateTime,odometer,cardNo,confNo) VALUES (49,49,49,'2020-11-14 18:14:54','2020-03-12 20:00:42','2020-02-09 06:33:33','55950',49,49);
INSERT INTO Rent (rid,vlicense,dlicense,dateTime,fromdateTime,todateTime,odometer,cardNo,confNo) VALUES (50,50,50,'2020-04-26 21:02:56','2019-08-04 09:44:43','2020-06-19 03:24:58','98785',50,50);
INSERT INTO Rent (rid,vlicense,dlicense,dateTime,fromdateTime,todateTime,odometer,cardNo,confNo) VALUES (51,51,51,'2020-10-31 03:07:41','2020-09-22 01:40:48','2020-08-14 17:01:24','69818',51,51);
INSERT INTO Rent (rid,vlicense,dlicense,dateTime,fromdateTime,todateTime,odometer,cardNo,confNo) VALUES (52,52,52,'2020-09-06 04:05:30','2020-05-14 05:46:06','2019-09-07 20:32:10','15961',52,52);
INSERT INTO Rent (rid,vlicense,dlicense,dateTime,fromdateTime,todateTime,odometer,cardNo,confNo) VALUES (53,53,53,'2019-10-24 05:09:45','2019-04-08 17:05:29','2019-05-16 23:14:44','56870',53,53);
INSERT INTO Rent (rid,vlicense,dlicense,dateTime,fromdateTime,todateTime,odometer,cardNo,confNo) VALUES (54,54,54,'2019-08-25 13:11:48','2020-08-08 08:20:07','2020-08-06 22:46:43','26197',54,54);
INSERT INTO Rent (rid,vlicense,dlicense,dateTime,fromdateTime,todateTime,odometer,cardNo,confNo) VALUES (55,55,55,'2020-11-18 02:11:50','2019-01-27 21:47:21','2018-12-11 09:52:03','77767',55,55);
INSERT INTO Rent (rid,vlicense,dlicense,dateTime,fromdateTime,todateTime,odometer,cardNo,confNo) VALUES (56,56,56,'2020-03-15 19:17:50','2019-06-04 10:25:30','2019-05-07 15:31:33','53046',56,56);
INSERT INTO Rent (rid,vlicense,dlicense,dateTime,fromdateTime,todateTime,odometer,cardNo,confNo) VALUES (57,57,57,'2019-08-25 21:03:09','2019-12-03 16:57:41','2019-06-10 18:05:10','11019',57,57);
INSERT INTO Rent (rid,vlicense,dlicense,dateTime,fromdateTime,todateTime,odometer,cardNo,confNo) VALUES (58,58,58,'2019-01-27 05:27:47','2019-02-18 07:02:09','2020-06-08 19:32:41','32517',58,58);
INSERT INTO Rent (rid,vlicense,dlicense,dateTime,fromdateTime,todateTime,odometer,cardNo,confNo) VALUES (59,59,59,'2019-08-13 01:56:51','2019-08-29 02:22:01','2020-06-01 11:46:01','66676',59,59);
INSERT INTO Rent (rid,vlicense,dlicense,dateTime,fromdateTime,todateTime,odometer,cardNo,confNo) VALUES (60,60,60,'2019-03-27 08:42:55','2019-08-07 18:12:08','2019-01-28 16:29:31','85276',60,60);
INSERT INTO Rent (rid,vlicense,dlicense,dateTime,fromdateTime,todateTime,odometer,cardNo,confNo) VALUES (61,61,61,'2019-01-17 06:56:21','2020-10-26 23:40:38','2020-11-03 03:00:48','53423',61,61);
INSERT INTO Rent (rid,vlicense,dlicense,dateTime,fromdateTime,todateTime,odometer,cardNo,confNo) VALUES (62,62,62,'2019-03-11 07:39:17','2020-10-07 06:01:20','2019-02-25 06:53:20','95828',62,62);
INSERT INTO Rent (rid,vlicense,dlicense,dateTime,fromdateTime,todateTime,odometer,cardNo,confNo) VALUES (63,63,63,'2020-07-21 23:40:45','2019-07-03 05:55:07','2019-06-01 10:04:28','61016',63,63);
INSERT INTO Rent (rid,vlicense,dlicense,dateTime,fromdateTime,todateTime,odometer,cardNo,confNo) VALUES (64,64,64,'2019-09-15 07:42:50','2019-10-21 23:49:49','2019-10-09 17:44:23','34019',64,64);
INSERT INTO Rent (rid,vlicense,dlicense,dateTime,fromdateTime,todateTime,odometer,cardNo,confNo) VALUES (65,65,65,'2019-09-28 10:44:12','2020-06-27 22:22:01','2019-02-14 20:49:27','78398',65,65);
INSERT INTO Rent (rid,vlicense,dlicense,dateTime,fromdateTime,todateTime,odometer,cardNo,confNo) VALUES (66,66,66,'2020-04-26 10:42:12','2020-05-29 12:42:07','2019-07-17 12:52:35','24941',66,66);
INSERT INTO Rent (rid,vlicense,dlicense,dateTime,fromdateTime,todateTime,odometer,cardNo,confNo) VALUES (67,67,67,'2020-02-27 13:16:43','2020-08-10 07:25:01','2020-09-05 22:21:44','25378',67,67);
INSERT INTO Rent (rid,vlicense,dlicense,dateTime,fromdateTime,todateTime,odometer,cardNo,confNo) VALUES (68,68,68,'2019-10-12 02:22:25','2019-08-05 18:32:25','2019-11-22 14:50:33','49084',68,68);
INSERT INTO Rent (rid,vlicense,dlicense,dateTime,fromdateTime,todateTime,odometer,cardNo,confNo) VALUES (69,69,69,'2019-01-11 22:21:30','2018-12-05 07:04:31','2018-12-24 09:02:15','02756',69,69);
INSERT INTO Rent (rid,vlicense,dlicense,dateTime,fromdateTime,todateTime,odometer,cardNo,confNo) VALUES (70,70,70,'2019-11-27 03:59:07','2019-09-12 19:38:54','2020-02-13 06:37:58','02861',70,70);
INSERT INTO Rent (rid,vlicense,dlicense,dateTime,fromdateTime,todateTime,odometer,cardNo,confNo) VALUES (71,71,71,'2020-05-19 05:59:09','2019-02-20 06:22:36','2019-01-24 04:41:29','10490',71,71);
INSERT INTO Rent (rid,vlicense,dlicense,dateTime,fromdateTime,todateTime,odometer,cardNo,confNo) VALUES (72,72,72,'2019-06-26 19:27:35','2019-06-13 02:44:01','2019-10-22 18:09:22','45633',72,72);
INSERT INTO Rent (rid,vlicense,dlicense,dateTime,fromdateTime,todateTime,odometer,cardNo,confNo) VALUES (73,73,73,'2020-10-12 10:16:58','2020-05-22 13:30:04','2020-01-18 04:14:26','71833',73,73);
INSERT INTO Rent (rid,vlicense,dlicense,dateTime,fromdateTime,todateTime,odometer,cardNo,confNo) VALUES (74,74,74,'2019-04-01 19:06:50','2020-09-25 18:06:39','2019-08-08 11:35:18','34907',74,74);
INSERT INTO Rent (rid,vlicense,dlicense,dateTime,fromdateTime,todateTime,odometer,cardNo,confNo) VALUES (75,75,75,'2020-05-12 20:12:33','2020-05-21 07:59:16','2019-09-15 13:03:42','00488',75,75);
INSERT INTO Rent (rid,vlicense,dlicense,dateTime,fromdateTime,todateTime,odometer,cardNo,confNo) VALUES (76,76,76,'2019-02-05 08:12:10','2019-03-17 10:42:11','2019-05-03 11:00:47','12952',76,76);
INSERT INTO Rent (rid,vlicense,dlicense,dateTime,fromdateTime,todateTime,odometer,cardNo,confNo) VALUES (77,77,77,'2020-01-25 04:49:17','2020-08-10 20:39:05','2019-05-22 07:42:11','39148',77,77);
INSERT INTO Rent (rid,vlicense,dlicense,dateTime,fromdateTime,todateTime,odometer,cardNo,confNo) VALUES (78,78,78,'2019-10-07 06:09:22','2020-01-20 18:34:53','2020-04-20 02:08:30','35213',78,78);
INSERT INTO Rent (rid,vlicense,dlicense,dateTime,fromdateTime,todateTime,odometer,cardNo,confNo) VALUES (79,79,79,'2020-04-02 02:22:19','2019-04-30 21:05:30','2019-06-08 14:02:04','89840',79,79);
INSERT INTO Rent (rid,vlicense,dlicense,dateTime,fromdateTime,todateTime,odometer,cardNo,confNo) VALUES (80,80,80,'2019-06-21 20:17:46','2020-05-03 03:18:58','2019-12-28 00:08:38','86564',80,80);
INSERT INTO Rent (rid,vlicense,dlicense,dateTime,fromdateTime,todateTime,odometer,cardNo,confNo) VALUES (81,81,81,'2019-01-06 12:16:42','2019-01-22 11:06:32','2019-03-29 18:06:31','93423',81,81);
INSERT INTO Rent (rid,vlicense,dlicense,dateTime,fromdateTime,todateTime,odometer,cardNo,confNo) VALUES (82,82,82,'2018-12-05 19:50:10','2019-09-17 06:54:29','2020-04-30 00:16:31','11379',82,82);
INSERT INTO Rent (rid,vlicense,dlicense,dateTime,fromdateTime,todateTime,odometer,cardNo,confNo) VALUES (83,83,83,'2019-08-02 00:47:42','2020-10-28 22:27:31','2019-09-12 02:51:15','28779',83,83);
INSERT INTO Rent (rid,vlicense,dlicense,dateTime,fromdateTime,todateTime,odometer,cardNo,confNo) VALUES (84,84,84,'2019-02-18 06:54:00','2019-02-10 05:49:32','2018-12-04 20:48:30','46302',84,84);
INSERT INTO Rent (rid,vlicense,dlicense,dateTime,fromdateTime,todateTime,odometer,cardNo,confNo) VALUES (85,85,85,'2020-11-20 04:25:50','2019-10-03 23:40:25','2019-10-30 03:48:53','79058',85,85);
INSERT INTO Rent (rid,vlicense,dlicense,dateTime,fromdateTime,todateTime,odometer,cardNo,confNo) VALUES (86,86,86,'2019-04-05 05:14:02','2020-08-17 12:58:50','2020-09-21 14:40:56','95935',86,86);
INSERT INTO Rent (rid,vlicense,dlicense,dateTime,fromdateTime,todateTime,odometer,cardNo,confNo) VALUES (87,87,87,'2020-09-06 02:32:22','2019-08-30 16:55:20','2020-11-01 06:19:10','28501',87,87);
INSERT INTO Rent (rid,vlicense,dlicense,dateTime,fromdateTime,todateTime,odometer,cardNo,confNo) VALUES (88,88,88,'2019-12-28 11:00:52','2019-08-26 19:49:34','2019-09-16 20:48:56','27324',88,88);
INSERT INTO Rent (rid,vlicense,dlicense,dateTime,fromdateTime,todateTime,odometer,cardNo,confNo) VALUES (89,89,89,'2020-05-08 17:41:45','2019-12-18 10:48:49','2019-09-12 01:48:47','44465',89,89);
INSERT INTO Rent (rid,vlicense,dlicense,dateTime,fromdateTime,todateTime,odometer,cardNo,confNo) VALUES (90,90,90,'2020-03-29 04:42:37','2019-11-29 03:50:49','2020-06-20 09:37:16','83228',90,90);
INSERT INTO Rent (rid,vlicense,dlicense,dateTime,fromdateTime,todateTime,odometer,cardNo,confNo) VALUES (91,91,91,'2020-05-31 00:14:10','2019-12-18 18:52:08','2019-10-18 10:12:29','74102',91,91);
INSERT INTO Rent (rid,vlicense,dlicense,dateTime,fromdateTime,todateTime,odometer,cardNo,confNo) VALUES (92,92,92,'2019-08-30 07:47:57','2020-10-15 14:35:33','2020-11-09 05:18:49','97071',92,92);
INSERT INTO Rent (rid,vlicense,dlicense,dateTime,fromdateTime,todateTime,odometer,cardNo,confNo) VALUES (93,93,93,'2019-02-17 11:54:47','2019-02-11 13:42:54','2019-05-14 05:01:17','45721',93,93);
INSERT INTO Rent (rid,vlicense,dlicense,dateTime,fromdateTime,todateTime,odometer,cardNo,confNo) VALUES (94,94,94,'2020-05-04 22:54:20','2019-10-09 17:08:44','2020-02-21 05:12:55','83332',94,94);
INSERT INTO Rent (rid,vlicense,dlicense,dateTime,fromdateTime,todateTime,odometer,cardNo,confNo) VALUES (95,95,95,'2020-01-06 01:41:29','2020-06-01 03:31:50','2020-10-19 12:52:27','28949',95,95);
INSERT INTO Rent (rid,vlicense,dlicense,dateTime,fromdateTime,todateTime,odometer,cardNo,confNo) VALUES (96,96,96,'2019-12-18 01:00:30','2019-04-27 04:05:41','2020-01-17 22:36:44','71280',96,96);
INSERT INTO Rent (rid,vlicense,dlicense,dateTime,fromdateTime,todateTime,odometer,cardNo,confNo) VALUES (97,97,97,'2019-01-25 04:14:08','2018-12-07 17:27:03','2020-09-18 13:21:25','50887',97,97);
INSERT INTO Rent (rid,vlicense,dlicense,dateTime,fromdateTime,todateTime,odometer,cardNo,confNo) VALUES (98,98,98,'2020-10-02 17:12:51','2020-10-29 17:46:22','2020-07-10 22:24:18','37955',98,98);
INSERT INTO Rent (rid,vlicense,dlicense,dateTime,fromdateTime,todateTime,odometer,cardNo,confNo) VALUES (99,99,99,'2019-03-20 22:12:58','2020-04-26 15:27:27','2019-08-26 22:54:19','23696',99,99);
INSERT INTO Rent (rid,vlicense,dlicense,dateTime,fromdateTime,todateTime,odometer,cardNo,confNo) VALUES (100,100,100,'2019-08-02 02:06:09','2020-08-22 11:35:21','2019-01-08 11:35:03','12904',100,100);

--"RETURN"
INSERT INTO "RETURN" (rid,dateTime,odometer,fullTank,value) VALUES (1,'2020-09-04 19:17:47','9999.6',0,'1000');
INSERT INTO "RETURN" (rid,dateTime,odometer,fullTank,value) VALUES (2,'2020-10-25 06:09:07','9990.91',1,'992');
INSERT INTO "RETURN" (rid,dateTime,odometer,fullTank,value) VALUES (3,'2020-03-21 09:14:32','9997.75',0,'1010');
INSERT INTO "RETURN" (rid,dateTime,odometer,fullTank,value) VALUES (4,'2019-04-08 12:46:58','9996.63',1,'1001');
INSERT INTO "RETURN" (rid,dateTime,odometer,fullTank,value) VALUES (5,'2020-05-06 16:34:35','10001.46',0,'994');
INSERT INTO "RETURN" (rid,dateTime,odometer,fullTank,value) VALUES (6,'2020-04-13 16:02:44','10003.23',1,'995');
INSERT INTO "RETURN" (rid,dateTime,odometer,fullTank,value) VALUES (7,'2020-11-03 09:27:08','10000.95',0,'1004');
INSERT INTO "RETURN" (rid,dateTime,odometer,fullTank,value) VALUES (8,'2019-05-30 07:57:24','9996.04',1,'1000');
INSERT INTO "RETURN" (rid,dateTime,odometer,fullTank,value) VALUES (9,'2020-04-12 13:02:48','10000.25',1,'999');
INSERT INTO "RETURN" (rid,dateTime,odometer,fullTank,value) VALUES (10,'2019-11-09 20:36:50','10002.81',0,'1004');
INSERT INTO "RETURN" (rid,dateTime,odometer,fullTank,value) VALUES (11,'2019-10-04 08:41:13','10004.3',1,'1003');
INSERT INTO "RETURN" (rid,dateTime,odometer,fullTank,value) VALUES (12,'2020-10-02 22:31:11','9997.28',1,'1004');
INSERT INTO "RETURN" (rid,dateTime,odometer,fullTank,value) VALUES (13,'2019-01-11 09:25:58','9996',0,'995');
INSERT INTO "RETURN" (rid,dateTime,odometer,fullTank,value) VALUES (14,'2019-01-03 03:34:33','9993.82',1,'1010');
INSERT INTO "RETURN" (rid,dateTime,odometer,fullTank,value) VALUES (15,'2018-12-22 08:19:49','9996.7',1,'997');
INSERT INTO "RETURN" (rid,dateTime,odometer,fullTank,value) VALUES (16,'2018-11-21 23:01:57','10004.05',1,'1003');
INSERT INTO "RETURN" (rid,dateTime,odometer,fullTank,value) VALUES (17,'2019-03-19 15:29:53','10006.65',1,'996');
INSERT INTO "RETURN" (rid,dateTime,odometer,fullTank,value) VALUES (18,'2019-05-11 19:57:16','10009.09',0,'999');
INSERT INTO "RETURN" (rid,dateTime,odometer,fullTank,value) VALUES (19,'2020-04-30 08:40:29','9996.54',1,'996');
INSERT INTO "RETURN" (rid,dateTime,odometer,fullTank,value) VALUES (20,'2020-09-29 23:56:25','10001.79',1,'999');
INSERT INTO "RETURN" (rid,dateTime,odometer,fullTank,value) VALUES (21,'2020-05-06 08:49:31','10001.05',1,'999');
INSERT INTO "RETURN" (rid,dateTime,odometer,fullTank,value) VALUES (22,'2019-01-27 01:57:06','10006.19',1,'1005');
INSERT INTO "RETURN" (rid,dateTime,odometer,fullTank,value) VALUES (23,'2020-10-20 21:33:18','9997.62',1,'1001');
INSERT INTO "RETURN" (rid,dateTime,odometer,fullTank,value) VALUES (24,'2019-11-05 20:44:43','10000.51',1,'1007');
INSERT INTO "RETURN" (rid,dateTime,odometer,fullTank,value) VALUES (25,'2019-04-12 02:12:39','10000.22',1,'997');
INSERT INTO "RETURN" (rid,dateTime,odometer,fullTank,value) VALUES (26,'2020-08-18 22:56:24','10005.12',0,'992');
INSERT INTO "RETURN" (rid,dateTime,odometer,fullTank,value) VALUES (27,'2019-04-30 23:09:56','10004.09',1,'1002');
INSERT INTO "RETURN" (rid,dateTime,odometer,fullTank,value) VALUES (28,'2020-10-01 06:32:18','9998.01',1,'1001');
INSERT INTO "RETURN" (rid,dateTime,odometer,fullTank,value) VALUES (29,'2020-03-26 05:22:12','10002.33',1,'1006');
INSERT INTO "RETURN" (rid,dateTime,odometer,fullTank,value) VALUES (30,'2020-09-08 08:07:14','9995.47',1,'1002');
INSERT INTO "RETURN" (rid,dateTime,odometer,fullTank,value) VALUES (31,'2020-09-20 05:20:37','9996.72',1,'999');
INSERT INTO "RETURN" (rid,dateTime,odometer,fullTank,value) VALUES (32,'2019-04-13 01:17:50','10001.15',1,'1000');
INSERT INTO "RETURN" (rid,dateTime,odometer,fullTank,value) VALUES (33,'2020-09-09 14:45:48','10001.99',1,'1008');
INSERT INTO "RETURN" (rid,dateTime,odometer,fullTank,value) VALUES (34,'2020-09-23 23:25:48','10002.08',1,'1001');
INSERT INTO "RETURN" (rid,dateTime,odometer,fullTank,value) VALUES (35,'2019-08-04 09:16:58','10001.92',0,'1000');
INSERT INTO "RETURN" (rid,dateTime,odometer,fullTank,value) VALUES (36,'2019-03-08 08:29:31','10005.79',0,'1001');
INSERT INTO "RETURN" (rid,dateTime,odometer,fullTank,value) VALUES (37,'2020-11-01 14:27:46','9990.18',1,'989');
INSERT INTO "RETURN" (rid,dateTime,odometer,fullTank,value) VALUES (38,'2019-11-29 05:03:41','9999.29',1,'1006');
INSERT INTO "RETURN" (rid,dateTime,odometer,fullTank,value) VALUES (39,'2020-10-12 21:32:56','10005.71',0,'1005');
INSERT INTO "RETURN" (rid,dateTime,odometer,fullTank,value) VALUES (40,'2019-11-08 08:03:02','10003.11',1,'1007');
INSERT INTO "RETURN" (rid,dateTime,odometer,fullTank,value) VALUES (41,'2019-07-12 07:54:57','9998.43',0,'996');
INSERT INTO "RETURN" (rid,dateTime,odometer,fullTank,value) VALUES (42,'2019-12-31 16:43:09','9997.56',1,'1003');
INSERT INTO "RETURN" (rid,dateTime,odometer,fullTank,value) VALUES (43,'2020-04-05 04:42:36','9994.28',1,'1007');
INSERT INTO "RETURN" (rid,dateTime,odometer,fullTank,value) VALUES (44,'2020-06-13 19:02:46','9999.9',0,'1004');
INSERT INTO "RETURN" (rid,dateTime,odometer,fullTank,value) VALUES (45,'2020-01-06 13:45:12','10005.36',1,'1004');
INSERT INTO "RETURN" (rid,dateTime,odometer,fullTank,value) VALUES (46,'2020-02-28 03:33:25','10000.76',0,'1009');
INSERT INTO "RETURN" (rid,dateTime,odometer,fullTank,value) VALUES (47,'2019-09-15 06:27:31','9996.39',0,'999');
INSERT INTO "RETURN" (rid,dateTime,odometer,fullTank,value) VALUES (48,'2020-06-06 09:33:31','9998.97',1,'996');
INSERT INTO "RETURN" (rid,dateTime,odometer,fullTank,value) VALUES (49,'2020-10-03 10:23:49','9995.08',0,'1006');
INSERT INTO "RETURN" (rid,dateTime,odometer,fullTank,value) VALUES (50,'2020-06-25 12:51:11','10001.45',0,'996');
INSERT INTO "RETURN" (rid,dateTime,odometer,fullTank,value) VALUES (51,'2020-01-08 06:26:46','9994.36',0,'999');
INSERT INTO "RETURN" (rid,dateTime,odometer,fullTank,value) VALUES (52,'2020-05-26 13:03:44','10002.64',0,'989');
INSERT INTO "RETURN" (rid,dateTime,odometer,fullTank,value) VALUES (53,'2020-01-25 16:08:25','9998.9',1,'1003');
INSERT INTO "RETURN" (rid,dateTime,odometer,fullTank,value) VALUES (54,'2019-07-08 18:58:21','9999.17',0,'1001');
INSERT INTO "RETURN" (rid,dateTime,odometer,fullTank,value) VALUES (55,'2019-09-11 12:48:55','10002.25',0,'999');
INSERT INTO "RETURN" (rid,dateTime,odometer,fullTank,value) VALUES (56,'2020-10-30 06:50:27','9990.45',0,'994');
INSERT INTO "RETURN" (rid,dateTime,odometer,fullTank,value) VALUES (57,'2020-03-31 23:01:49','9995.59',0,'1000');
INSERT INTO "RETURN" (rid,dateTime,odometer,fullTank,value) VALUES (58,'2019-07-26 02:36:15','10004.49',1,'1000');
INSERT INTO "RETURN" (rid,dateTime,odometer,fullTank,value) VALUES (59,'2020-08-20 13:17:05','10005.79',0,'1005');
INSERT INTO "RETURN" (rid,dateTime,odometer,fullTank,value) VALUES (60,'2019-04-01 08:11:07','9998.74',0,'998');
INSERT INTO "RETURN" (rid,dateTime,odometer,fullTank,value) VALUES (61,'2019-05-01 19:22:19','10001.2',0,'1008');
INSERT INTO "RETURN" (rid,dateTime,odometer,fullTank,value) VALUES (62,'2019-11-12 02:08:24','10000.64',1,'1007');
INSERT INTO "RETURN" (rid,dateTime,odometer,fullTank,value) VALUES (63,'2019-01-28 09:08:29','10003.87',0,'1002');
INSERT INTO "RETURN" (rid,dateTime,odometer,fullTank,value) VALUES (64,'2019-08-06 14:03:21','10003.52',1,'1007');
INSERT INTO "RETURN" (rid,dateTime,odometer,fullTank,value) VALUES (65,'2020-04-14 13:27:50','9995.51',0,'1003');
INSERT INTO "RETURN" (rid,dateTime,odometer,fullTank,value) VALUES (66,'2018-12-21 08:07:31','10002.83',1,'1010');
INSERT INTO "RETURN" (rid,dateTime,odometer,fullTank,value) VALUES (67,'2020-03-12 09:58:08','9994',1,'1006');
INSERT INTO "RETURN" (rid,dateTime,odometer,fullTank,value) VALUES (68,'2019-07-11 22:14:31','9996.19',0,'997');
INSERT INTO "RETURN" (rid,dateTime,odometer,fullTank,value) VALUES (69,'2019-10-12 13:42:28','10002.51',1,'1000');
INSERT INTO "RETURN" (rid,dateTime,odometer,fullTank,value) VALUES (70,'2019-03-07 04:13:28','9992',1,'1005');
INSERT INTO "RETURN" (rid,dateTime,odometer,fullTank,value) VALUES (71,'2019-09-23 06:22:36','9994.55',1,'1011');
INSERT INTO "RETURN" (rid,dateTime,odometer,fullTank,value) VALUES (72,'2020-06-21 05:24:09','9994.46',0,'995');
INSERT INTO "RETURN" (rid,dateTime,odometer,fullTank,value) VALUES (73,'2020-04-26 20:39:18','9990.36',0,'997');
INSERT INTO "RETURN" (rid,dateTime,odometer,fullTank,value) VALUES (74,'2020-06-27 12:45:05','9988.55',0,'1005');
INSERT INTO "RETURN" (rid,dateTime,odometer,fullTank,value) VALUES (75,'2020-07-20 14:59:41','10000.41',0,'1004');
INSERT INTO "RETURN" (rid,dateTime,odometer,fullTank,value) VALUES (76,'2019-05-31 21:35:59','9996.48',1,'1002');
INSERT INTO "RETURN" (rid,dateTime,odometer,fullTank,value) VALUES (77,'2019-08-10 12:44:50','10006.97',0,'1000');
INSERT INTO "RETURN" (rid,dateTime,odometer,fullTank,value) VALUES (78,'2019-12-03 14:12:43','9992.58',0,'1005');
INSERT INTO "RETURN" (rid,dateTime,odometer,fullTank,value) VALUES (79,'2019-03-02 11:21:57','9996.3',0,'995');
INSERT INTO "RETURN" (rid,dateTime,odometer,fullTank,value) VALUES (80,'2019-06-29 01:09:14','9999.43',1,'995');
INSERT INTO "RETURN" (rid,dateTime,odometer,fullTank,value) VALUES (81,'2019-06-07 16:00:21','9997.27',1,'994');
INSERT INTO "RETURN" (rid,dateTime,odometer,fullTank,value) VALUES (82,'2019-06-21 03:57:24','10005.64',1,'995');
INSERT INTO "RETURN" (rid,dateTime,odometer,fullTank,value) VALUES (83,'2019-06-29 09:21:05','9999.74',1,'997');
INSERT INTO "RETURN" (rid,dateTime,odometer,fullTank,value) VALUES (84,'2019-06-05 06:27:49','10010.91',0,'995');
INSERT INTO "RETURN" (rid,dateTime,odometer,fullTank,value) VALUES (85,'2019-03-19 06:37:43','10005.21',1,'1005');
INSERT INTO "RETURN" (rid,dateTime,odometer,fullTank,value) VALUES (86,'2019-05-26 11:07:16','10002.01',1,'996');
INSERT INTO "RETURN" (rid,dateTime,odometer,fullTank,value) VALUES (87,'2019-02-04 16:29:49','9998.77',1,'988');
INSERT INTO "RETURN" (rid,dateTime,odometer,fullTank,value) VALUES (88,'2020-06-18 21:06:24','9998.48',0,'995');
INSERT INTO "RETURN" (rid,dateTime,odometer,fullTank,value) VALUES (89,'2020-04-21 00:03:06','10000.73',0,'1001');
INSERT INTO "RETURN" (rid,dateTime,odometer,fullTank,value) VALUES (90,'2020-03-09 19:46:41','9998.76',0,'1000');
INSERT INTO "RETURN" (rid,dateTime,odometer,fullTank,value) VALUES (91,'2019-11-02 12:19:58','10004.53',0,'995');
INSERT INTO "RETURN" (rid,dateTime,odometer,fullTank,value) VALUES (92,'2019-08-10 13:26:40','9997.47',1,'1004');
INSERT INTO "RETURN" (rid,dateTime,odometer,fullTank,value) VALUES (93,'2020-02-15 15:40:19','10000.56',0,'1003');
INSERT INTO "RETURN" (rid,dateTime,odometer,fullTank,value) VALUES (94,'2020-02-28 15:02:17','9999.69',1,'998');
INSERT INTO "RETURN" (rid,dateTime,odometer,fullTank,value) VALUES (95,'2019-09-02 05:55:31','10009.68',0,'988');
INSERT INTO "RETURN" (rid,dateTime,odometer,fullTank,value) VALUES (96,'2019-10-16 07:27:20','10002.99',0,'1001');
INSERT INTO "RETURN" (rid,dateTime,odometer,fullTank,value) VALUES (97,'2020-05-07 09:16:46','9999.09',0,'998');
INSERT INTO "RETURN" (rid,dateTime,odometer,fullTank,value) VALUES (98,'2019-06-13 19:47:01','10001.78',0,'1000');
INSERT INTO "RETURN" (rid,dateTime,odometer,fullTank,value) VALUES (99,'2020-09-07 11:15:25','9996.86',1,'1000');
INSERT INTO "RETURN" (rid,dateTime,odometer,fullTank,value) VALUES (100,'2020-04-27 10:14:39','9998.81',0,'1001');