-- Vehicle
INSERT INTO Vehicle([vid],[vlicense],[make],[model],[year],[color],[odometer],[gasTypeID],[statusID],[vtname],[location],[city],[reserved]) VALUES(1,1,'Nissan','Civic','2019','violet','9997.29',1,2,'Mid-size','Quebec','Beauport','0'),(2,2,'MINI','Mazda','2019','indigo','10000.76',1,2,'Economy','Alberta','Bruderheim','1'),(3,3,'Subaru','Hyundai','2019','blue','10011.14',1,1,'Full-size','Ontario','Tay','1'),(4,4,'Cadillac','Camry','2019','blue','9990.85',1,1,'SUV','QC','Maria','1'),(5,5,'Fiat','Dodge','2019','yellow','9991.16',3,2,'Mid-size','Ontario','Ajax','0'),(6,6,'Vauxhall','Mazda','2020','blue','10017.18',2,2,'Truck','Prince Edward Island','Montague','0'),(7,7,'Chrysler','Chevrolet','2020','orange','9993.43',2,2,'Mid-size','AB','Sylvan Lake','0'),(8,8,'Daihatsu','Dodge','2019','violet','10025.64',2,2,'Compact','ON','Cornwall','0'),(9,9,'Citroën','Chevrolet','2019','violet','10001.05',3,3,'Economy','BC','Victoria','1'),(10,10,'Kenworth','Dodge','2019','red','10009.63',3,1,'SUV','Quebec','Dubuisson','1'),(11,11,'Vauxhall','Mazda','2020','indigo','10021.93',3,1,'Compact','Ontario','Aurora','1'),(12,12,'Fiat','Chevrolet','2019','orange','9988.13',1,1,'Full-size','ON','Norfolk County','0'),(13,13,'Peugeot','Camry','2019','yellow','9996.77',1,3,'SUV','ON','Ajax','0'),(14,14,'Mitsubishi Motors','Hyundai','2018','red','10002.89',2,2,'Truck','Ontario','Kingston','0'),(15,15,'Dodge','Chevrolet','2020','indigo','10006.05',1,1,'Mid-size','BC','Lake Cowichan','1'),(16,16,'Vauxhall','Chevrolet','2020','indigo','9985.5',3,3,'Mid-size','Ontario','Newmarket','0'),(17,17,'Smart','Jeep','2020','indigo','10007.53',3,3,'Mid-size','BC','Delta','1'),(18,18,'Lincoln','Chevrolet','2019','green','9994.73',2,1,'SUV','QC','Verdun','1'),(19,19,'Cadillac','Camry','2020','green','9975.54',1,1,'SUV','ON','Quinte West','0'),(20,20,'Mahindra and Mahindra','Hyundai','2020','yellow','10000.07',1,3,'Economy','Ontario','Whitewater Region Township','0'),(21,21,'Mitsubishi Motors','Jeep','2020','blue','9999.92',1,2,'Full-size','ON','Quinte West','1'),(22,22,'Kenworth','Mazda','2019','violet','9984.35',3,1,'Economy','Ontario','Whitewater Region Township','1'),(23,23,'Infiniti','Camry','2020','indigo','9986.91',3,1,'Compact','Quebec','Baie-Comeau','0'),(24,24,'Lexus','Dodge','2020','blue','9988.47',3,2,'Full-size','Ontario','Grey County','1'),(25,25,'JLR','Jeep','2019','blue','10003.44',3,1,'Standard','QC','Montebello','0'),(26,26,'Smart','Hyundai','2019','yellow','9989.95',1,1,'Truck','ON','Osgoode','0'),(27,27,'Subaru','Chevrolet','2019','violet','10022.55',2,3,'Truck','Alberta','St. Paul','0'),(28,28,'Skoda','Dodge','2019','red','9991.41',2,1,'Full-size','NL','Glovertown','1'),(29,29,'Jeep','Jeep','2020','blue','10015.84',2,3,'Economy','QC','Chambord','1'),(30,30,'Daimler','Mazda','2019','blue','9993.52',2,1,'SUV','British Columbia','Nelson','1'),(31,31,'Maruti Suzuki','Hyundai','2020','green','9982.7',2,3,'Standard','ON','Tay','1'),(32,32,'Volvo','Mazda','2019','orange','9995.66',2,3,'SUV','Newfoundland and Labrador','Bay Roberts','1'),(33,33,'BMW','Mazda','2019','red','10012.6',1,1,'Mid-size','AB','Castor','0'),(34,34,'GMC','Hyundai','2020','violet','9985.2',3,3,'Standard','ON','Guelph','1'),(35,35,'Vauxhall','Camry','2018','violet','9998.28',3,1,'Standard','ON','Markham','0'),(36,36,'Dacia','Chevrolet','2019','indigo','9998.73',2,1,'Mid-size','ON','Warwick','1'),(37,37,'Renault','Hyundai','2020','red','9998.67',2,1,'Compact','QC','Valcourt','1'),(38,38,'Renault','Mazda','2019','blue','10001',2,2,'Standard','BC','Vancouver','1'),(39,39,'Renault','Camry','2020','indigo','9997.52',1,2,'Standard','Ontario','Caledon','1'),(40,40,'Skoda','Civic','2020','red','9994.37',1,3,'Standard','BC','Sooke','1'),(41,41,'Buick','Dodge','2019','orange','9995.59',2,1,'Standard','Ontario','Osgoode','1'),(42,42,'Dacia','Chevrolet','2019','green','9995.38',1,3,'Truck','Ontario','Orilla','0'),(43,43,'Chevrolet','Jeep','2020','violet','10002.34',1,3,'Standard','Quebec','Cap-de-la-Madeleine','0'),(44,44,'Suzuki','Jeep','2020','red','10027.54',3,3,'Truck','ON','Thunder Bay','0'),(45,45,'Chrysler','Mazda','2019','yellow','10004.13',2,2,'Standard','AB','Trochu','1'),(46,46,'Toyota','Civic','2020','blue','9995.22',3,3,'Economy','ON','Thunder Bay','0'),(47,47,'Nissan','Dodge','2020','green','10027.83',3,1,'SUV','SK','Lang','0'),(48,48,'Cadillac','Jeep','2020','violet','9995.65',1,2,'SUV','Ontario','Norfolk County','0'),(49,49,'Fiat','Dodge','2020','orange','10010',1,2,'Truck','Quebec','Kawawachikamach','1'),(50,50,'Nissan','Dodge','2020','indigo','9997.4',1,2,'Mid-size','ON','Renfrew','0'),(51,51,'Seat','Jeep','2019','orange','10015.65',2,1,'Standard','Alberta','Valleyview','0'),(52,52,'Citroën','Dodge','2020','orange','10011.96',2,3,'Standard','AB','Lacombe','1'),(53,53,'Volvo','Mazda','2020','indigo','10007.03',1,3,'SUV','BC','Fernie','0'),(54,54,'Mazda','Jeep','2019','red','10006.31',2,1,'SUV','Saskatchewan','Saskatoon','0'),(55,55,'Hyundai Motors','Civic','2020','violet','9999.71',2,2,'Economy','Ontario','Whitchurch-Stouffville','0'),(56,56,'General Motors','Camry','2019','green','9994.24',2,1,'SUV','BC','Harrison Hot Springs','1'),(57,57,'Seat','Hyundai','2019','green','10007.03',2,3,'Mid-size','Quebec','Chelsea','0'),(58,58,'Lincoln','Dodge','2019','yellow','9992.28',2,3,'Economy','British Columbia','Prince George','1'),(59,59,'Volvo','Mazda','2020','violet','9975.97',3,1,'Mid-size','Saskatchewan','Hudson Bay','1'),(60,60,'Porsche','Civic','2019','yellow','10000.56',2,2,'SUV','Ontario','Cobourg','1'),(61,61,'Fiat','Hyundai','2019','orange','10002.68',2,2,'Mid-size','ON','Richmond Hill','1'),(62,62,'Buick','Dodge','2019','green','9990.75',1,3,'Standard','ON','Richmond Hill','0'),(63,63,'Kia Motors','Chevrolet','2019','green','9993.75',3,1,'Full-size','ON','Malahide','0'),(64,64,'Lincoln','Mazda','2020','orange','9967.75',3,3,'Full-size','ON','Ottawa-Carleton','0'),(65,65,'Ferrari','Hyundai','2019','violet','9988.26',1,1,'Mid-size','Quebec','Shawinigan','1'),(66,66,'Seat','Jeep','2020','indigo','9999.28',3,2,'Mid-size','QC','Saint-Hilarion','1'),(67,67,'Vauxhall','Hyundai','2019','blue','9997.61',2,2,'Truck','British Columbia','Lake Cowichan','0'),(68,68,'Skoda','Hyundai','2019','violet','9988.93',3,3,'Full-size','ON','Kingston','0'),(69,69,'FAW','Hyundai','2019','violet','9988.57',3,1,'SUV','Ontario','Quinte West','0'),(70,70,'Mahindra and Mahindra','Civic','2019','red','10007.12',2,2,'Full-size','ON','Guelph','0'),(71,71,'Honda','Mazda','2019','yellow','9990.67',2,1,'Truck','QC','Isle-aux-Coudres','1'),(72,72,'Cadillac','Chevrolet','2020','green','10013.88',2,1,'Truck','ON','Toronto','0'),(73,73,'Chrysler','Chevrolet','2020','violet','9983.83',3,2,'Mid-size','Quebec','Lachine','1'),(74,74,'Mazda','Mazda','2020','orange','10006.41',3,2,'Mid-size','ON','Valley East','0'),(75,75,'Daimler','Dodge','2019','indigo','9991.76',2,3,'Compact','Quebec','Baie-Comeau','0'),(76,76,'Ferrari','Mazda','2019','green','9994.5',3,3,'Truck','Quebec','Lévis','1'),(77,77,'GMC','Hyundai','2020','yellow','10020.86',1,2,'Truck','British Columbia','Prince George','0'),(78,78,'Cadillac','Dodge','2020','orange','10001.14',2,1,'Full-size','Quebec','Baie-Comeau','0'),(79,79,'General Motors','Dodge','2019','indigo','9989.25',1,1,'Standard','QC','Deschambault','1'),(80,80,'Audi','Camry','2019','green','9995.36',2,1,'Standard','Manitoba','Stonewall','0'),(81,81,'Chevrolet','Mazda','2019','orange','10025.75',2,2,'Standard','ON','Newbury','1'),(82,82,'Subaru','Jeep','2019','red','10001.9',3,2,'Full-size','ON','Kingston','0'),(83,83,'Porsche','Jeep','2019','violet','10006.8',1,1,'SUV','Quebec','Saint-Prime','1'),(84,84,'Lexus','Dodge','2020','green','9990.71',1,2,'Mid-size','QC','Sherbrooke','1'),(85,85,'Dacia','Civic','2020','green','9984.53',3,1,'Mid-size','ON','Norfolk County','1'),(86,86,'Chrysler','Mazda','2019','indigo','9991.93',2,3,'Mid-size','ON','Guelph','0'),(87,87,'Chrysler','Civic','2019','blue','9984.67',3,2,'Truck','ON','Quinte West','1'),(88,88,'Dodge','Hyundai','2019','indigo','9980.68',1,1,'Full-size','QC','Murdochville','1'),(89,89,'Kia Motors','Civic','2020','violet','9999.51',3,2,'SUV','BC','Fort St. John','1'),(90,90,'Mazda','Civic','2020','indigo','9976.79',3,1,'Economy','BC','Burnaby','1'),(91,91,'Volkswagen','Camry','2019','violet','9997.39',1,2,'Economy','Saskatchewan','Yorkton','1'),(92,92,'Porsche','Mazda','2020','green','10005.47',2,3,'Truck','QC','Carleton','1'),(93,93,'RAM Trucks','Camry','2020','yellow','10003.37',3,2,'Full-size','Ontario','Kapuskasing','0'),(94,94,'Mazda','Jeep','2019','violet','10011.41',1,1,'Full-size','AB','Wetaskiwin','0'),(95,95,'Skoda','Jeep','2020','indigo','10003.39',1,3,'Economy','QC','Shawinigan','1'),(96,96,'Infiniti','Hyundai','2019','red','9982.87',3,2,'Standard','ON','Newbury','0'),(97,97,'Dodge','Camry','2019','violet','9988.81',2,2,'Mid-size','NB','Campbellton','1'),(98,98,'Isuzu','Dodge','2020','blue','10018.34',1,1,'Full-size','AB','Barrhead','1'),(99,99,'Fiat','Camry','2020','blue','10001.36',1,1,'Standard','ON','Thunder Bay','0'),(100,100,'Lincoln','Hyundai','2019','yellow','10014.72',1,2,'Compact','ON','Valley East','0');

-- Status
INSERT INTO Status(statusID, status)
VALUES (1, "Rented"),(2, "Maintenance"), (3, "Available")

-- GasType
INSERT INTO GasType(gasTypeID, gasType)
VALUES (1, "Gasoline"), (2, "Hybrid"), (3, "Electric")

-- VehicleType
INSERT INTO VehicleTypes(vtname, features, wrate, drate, hrate, wirate, dirate, hirate, krate)
VALUES 
("Economy", "EconomyFeature", 1, 1, 2, 1, 1, 1, 3),
("Compact", "CompactFeature", 1, 1, 2, 1, 1, 1, 3),
("Mid-size", "Mid-sizeFeature", 1, 1, 2, 1, 1, 1, 3),
("Standard", "StandardFeature", 1, 1, 2, 1, 1, 1, 3),
("Full-size", "Full-sizeFeature", 1, 1, 2, 1, 1, 1, 3),
("SUV", "SUVFeature", 1, 1, 2, 1, 1, 1, 3),
("Truck", "TruckFeature", 1, 1, 2, 1, 1, 1, 3)

-- Customer
INSERT INTO Customer([dlicense],[cellphone],[name],[address]) VALUES(1,'16961108 -5953','Yeo','P.O. Box 425, 3945 Mauris Road'),(2,'16480130 -8851','James','Ap #950-7489 Nec, Road'),(3,'16500613 -9553','Boris','Ap #868-8713 Neque Rd.'),(4,'16030217 -1897','Aurelia','Ap #770-8147 Nam Avenue'),(5,'16130129 -4458','Derek','P.O. Box 810, 8723 Magna. Rd.'),(6,'16960803 -6589','Jolie','P.O. Box 681, 1984 Ullamcorper, St.'),(7,'16370815 -9490','Jerome','2818 Euismod St.'),(8,'16040629 -7713','Perry','2931 Aenean Avenue'),(9,'16530417 -0730','Indira','388-4346 Nec Ave'),(10,'16951005 -7681','Arden','647-2073 Gravida. Street'),(11,'16620609 -0042','Vera','377 Nunc, Ave'),(12,'16270703 -3623','Penelope','690-2162 Tellus St.'),(13,'16551220 -4826','Aretha','P.O. Box 999, 7754 Arcu. Street'),(14,'16461208 -3966','Zachery','Ap #672-1312 Ac Av.'),(15,'16501204 -4656','Emmanuel','P.O. Box 654, 5814 Morbi St.'),(16,'16640124 -4469','Emmanuel','P.O. Box 448, 9330 Nulla. St.'),(17,'16240806 -5676','Kenneth','Ap #676-4266 Sit Road'),(18,'16280806 -0954','Britanni','Ap #926-9769 In St.'),(19,'16080618 -1277','Amos','341-3205 Phasellus Rd.'),(20,'16700323 -0047','Alec','9221 Adipiscing. Av.'),(21,'16920115 -7139','Uriel','P.O. Box 327, 5967 Fringilla Road'),(22,'16710119 -9045','Allegra','606-2449 Ut Street'),(23,'16440313 -9886','Isaiah','P.O. Box 732, 3398 Per Av.'),(24,'16920413 -8276','Ryan','2162 Aenean Street'),(25,'16480408 -2990','Lucy','Ap #898-4088 Semper St.'),(26,'16611228 -0760','Alyssa','Ap #981-9031 Nunc Av.'),(27,'16471205 -1483','Jelani','410-1399 Proin Avenue'),(28,'16740423 -1974','Mohammad','246 Quisque Road'),(29,'16120116 -4249','Bert','Ap #534-1998 Eu Rd.'),(30,'16770322 -0207','Aimee','Ap #259-6194 Nulla Rd.'),(31,'16580820 -7046','Silas','Ap #773-3285 Amet, Street'),(32,'16880509 -1942','Sonia','Ap #874-458 Purus, Street'),(33,'16100617 -8774','Tatiana','Ap #740-5251 Eget Rd.'),(34,'16870516 -8782','Simon','429 Non, Rd.'),(35,'16210309 -6117','Ishmael','P.O. Box 428, 3246 Pellentesque Rd.'),(36,'16801218 -7384','Amelia','3182 Et, St.'),(37,'16590123 -0473','Cody','572-6917 Faucibus Rd.'),(38,'16170912 -0255','Kasimir','P.O. Box 764, 8698 Aliquam, Av.'),(39,'16000302 -6309','Charity','8328 Condimentum Road'),(40,'16590204 -0087','Jescie','310-8743 Vehicula Ave'),(41,'16960326 -1398','Tatum','763-2524 Nonummy Ave'),(42,'16750329 -0806','Teegan','Ap #868-5744 Eu St.'),(43,'16411118 -4224','Seth','9003 Iaculis Road'),(44,'16820702 -7106','Perry','8794 Eu Ave'),(45,'16301118 -6958','Griffith','P.O. Box 395, 9486 Id, Rd.'),(46,'16240420 -2950','Lars','P.O. Box 946, 4887 Enim Avenue'),(47,'16550922 -5610','Melyssa','P.O. Box 113, 6153 Gravida Road'),(48,'16530120 -2577','Kim','P.O. Box 364, 3684 Nunc Road'),(49,'16620318 -6116','Amir','Ap #192-112 Nulla Ave'),(50,'16961020 -9687','Orson','P.O. Box 836, 1445 Molestie Av.'),(51,'16950203 -5653','Alexa','Ap #543-2511 Feugiat Rd.'),(52,'16710701 -0634','Quinlan','149-1036 Nec, St.'),(53,'16751117 -3473','Madeline','889-6912 Lobortis. St.'),(54,'16011208 -0411','Jason','Ap #300-8426 Nibh St.'),(55,'16161116 -9598','Forrest','447-2195 Etiam Avenue'),(56,'16360328 -4989','Sandra','865-8907 Malesuada. St.'),(57,'16450524 -9286','Anastasia','P.O. Box 634, 9915 Nec, Road'),(58,'16020928 -2573','Omar','Ap #388-4512 Aliquam Rd.'),(59,'16321107 -1679','Shelly','P.O. Box 925, 1288 Curabitur Avenue'),(60,'16480214 -1376','Warren','Ap #778-8964 Sed St.'),(61,'16050828 -0880','Drake','Ap #260-3040 Mus. St.'),(62,'16911220 -8203','Tallulah','Ap #308-7955 Nunc Rd.'),(63,'16861222 -0759','Bradley','P.O. Box 126, 6991 Arcu. St.'),(64,'16311026 -1900','Sebastian','689-4862 Turpis Street'),(65,'16811203 -1722','Brianna','704-3682 Feugiat Rd.'),(66,'16990418 -7557','Regina','P.O. Box 121, 9527 Porttitor St.'),(67,'16901004 -2787','Harrison','P.O. Box 182, 7913 Est, Road'),(68,'16980819 -4840','Felicia','Ap #123-7735 Et St.'),(69,'16280619 -1181','Hu','241-2141 Quis Rd.'),(70,'16590925 -8898','Craig','658-1016 Tellus Ave'),(71,'16011004 -8568','Mara','Ap #804-9680 Justo. Rd.'),(72,'16760227 -6037','Leo','6036 Ipsum. Rd.'),(73,'16500426 -2035','Armando','P.O. Box 622, 1733 Placerat, Rd.'),(74,'16550428 -9306','Abel','138-9033 Integer Rd.'),(75,'16760113 -6935','Raja','9464 Tincidunt Rd.'),(76,'16790211 -1421','Alan','9095 Arcu. Street'),(77,'16190918 -2881','Mikayla','Ap #121-1474 A, Ave'),(78,'16380307 -1640','Steven','P.O. Box 915, 3827 Nulla Street'),(79,'16181024 -7039','Neil','538 Diam. Street'),(80,'16650314 -4831','Jane','P.O. Box 150, 4197 Sit Rd.'),(81,'16651120 -8404','Moana','788-6330 Risus. Ave'),(82,'16420617 -7927','Clementine','P.O. Box 324, 7320 Mauris St.'),(83,'16490528 -7944','Sage','4328 Cursus Rd.'),(84,'16570924 -8115','Ruth','4876 Rhoncus. Street'),(85,'16731129 -6078','Sacha','Ap #995-5611 Conubia Rd.'),(86,'16920411 -1935','Karina','P.O. Box 972, 1160 Tellus. Avenue'),(87,'16680905 -4148','Ethan','Ap #210-4456 In, Rd.'),(88,'16280107 -6536','Keaton','829-420 Fermentum Road'),(89,'16511008 -4414','Ima','4565 A, Road'),(90,'16360809 -0449','Boris','Ap #906-298 Aliquam Rd.'),(91,'16901109 -0603','Olga','6825 Augue St.'),(92,'16620524 -7452','Shelley','272-3877 Ante, St.'),(93,'16270913 -1201','Baker','833-800 Aliquet. St.'),(94,'16840929 -1021','Fletcher','P.O. Box 200, 6070 Pede. Av.'),(95,'16090722 -7599','Addison','Ap #255-9625 Eu Street'),(96,'16240219 -0884','Victor','699-1852 Lobortis Road'),(97,'16340525 -1079','Deacon','P.O. Box 628, 3191 Ac Rd.'),(98,'16760315 -5131','Luke','Ap #738-9074 Lacinia Ave'),(99,'16191103 -5820','Dean','3934 Amet Rd.'),(100,'16360201 -5723','Reed','585 Felis, St.');

-- Reservation
INSERT INTO Reservations([confNo],[vtname],[vlicense],[dlicense],[fromDateTime],[toDateTime]) VALUES(1,'Economy',1,1,'2018-12-15 15:10:19','2019-11-22 09:31:23'),(2,'Compact',2,2,'2020-04-01 03:59:25','2020-07-22 07:09:54'),(3,'Compact',3,3,'2020-04-03 08:09:46','2019-12-04 23:01:17'),(4,'Compact',4,4,'2020-02-02 07:37:00','2020-09-08 17:15:34'),(5,'Compact',5,5,'2019-12-16 19:29:37','2019-11-06 06:58:40'),(6,'Truck',6,6,'2020-05-28 07:50:06','2019-08-10 19:17:46'),(7,'Economy',7,7,'2020-08-22 11:38:30','2019-09-10 23:26:31'),(8,'Full-size',8,8,'2019-03-14 22:11:54','2019-03-13 05:03:42'),(9,'Mid-size',9,9,'2019-08-04 11:00:12','2020-06-15 04:08:43'),(10,'SUV',10,10,'2020-08-09 10:56:41','2019-09-28 18:34:47'),(11,'Standard',11,11,'2018-11-23 10:14:45','2020-11-05 11:48:10'),(12,'Economy',12,12,'2020-04-03 05:06:08','2019-11-19 08:14:28'),(13,'Truck',13,13,'2018-12-04 21:13:54','2018-11-22 10:24:21'),(14,'Economy',14,14,'2019-07-26 01:14:47','2019-10-15 14:32:26'),(15,'Standard',15,15,'2020-03-26 23:46:26','2020-07-19 18:40:11'),(16,'Full-size',16,16,'2020-03-06 10:44:41','2020-07-17 20:56:38'),(17,'Truck',17,17,'2020-11-03 00:04:54','2018-12-20 10:45:15'),(18,'SUV',18,18,'2019-04-10 03:38:03','2020-11-18 03:19:30'),(19,'Compact',19,19,'2019-04-30 18:44:20','2020-10-03 05:32:38'),(20,'Mid-size',20,20,'2019-07-25 04:06:01','2020-07-03 07:38:39'),(21,'Standard',21,21,'2019-08-03 08:34:59','2019-10-17 17:59:21'),(22,'Full-size',22,22,'2019-12-03 05:26:24','2020-06-01 10:38:54'),(23,'Compact',23,23,'2020-02-13 05:06:30','2019-08-20 03:04:22'),(24,'Economy',24,24,'2020-11-12 05:04:17','2020-09-15 01:26:57'),(25,'Standard',25,25,'2019-03-31 19:00:59','2020-11-06 01:21:19'),(26,'Compact',26,26,'2019-12-03 07:47:58','2019-05-10 18:26:09'),(27,'Economy',27,27,'2020-06-05 04:46:41','2019-12-25 05:48:16'),(28,'SUV',28,28,'2019-05-28 05:08:11','2020-10-11 00:35:53'),(29,'Compact',29,29,'2020-01-26 09:41:44','2020-10-30 01:37:57'),(30,'Standard',30,30,'2019-07-10 00:16:46','2019-05-17 03:03:44'),(31,'Mid-size',31,31,'2019-06-02 08:24:36','2019-12-04 01:40:52'),(32,'Mid-size',32,32,'2020-08-09 06:36:48','2019-04-26 22:01:23'),(33,'Truck',33,33,'2019-11-27 23:53:39','2019-10-25 03:45:09'),(34,'Standard',34,34,'2019-08-20 03:51:04','2019-07-20 01:16:22'),(35,'Full-size',35,35,'2019-08-21 21:07:37','2018-12-05 19:13:29'),(36,'Truck',36,36,'2020-10-13 15:04:53','2019-10-23 00:11:12'),(37,'Truck',37,37,'2019-09-10 00:55:35','2020-07-15 23:34:32'),(38,'SUV',38,38,'2020-01-31 07:26:02','2020-01-13 12:04:13'),(39,'Compact',39,39,'2020-01-01 18:42:01','2020-01-19 04:06:05'),(40,'Mid-size',40,40,'2018-11-19 21:43:08','2019-04-15 11:32:59'),(41,'Full-size',41,41,'2020-09-20 21:40:38','2020-05-06 15:09:57'),(42,'Truck',42,42,'2020-06-08 21:10:27','2019-10-13 12:20:48'),(43,'Full-size',43,43,'2020-07-24 05:22:37','2020-05-14 14:04:44'),(44,'SUV',44,44,'2020-06-29 23:18:33','2019-03-11 09:56:34'),(45,'Full-size',45,45,'2019-07-16 07:53:55','2020-01-20 01:30:41'),(46,'Truck',46,46,'2020-05-23 03:55:36','2019-08-27 11:07:33'),(47,'SUV',47,47,'2019-04-03 13:17:27','2019-03-12 03:13:07'),(48,'Economy',48,48,'2019-01-05 06:42:15','2020-10-16 14:51:04'),(49,'Full-size',49,49,'2019-09-30 17:24:45','2020-07-06 23:50:47'),(50,'Standard',50,50,'2020-07-28 05:53:15','2019-03-07 07:55:47'),(51,'Standard',51,51,'2020-02-22 09:22:10','2019-04-23 06:02:25'),(52,'SUV',52,52,'2019-09-11 21:18:18','2019-12-16 11:22:34'),(53,'Economy',53,53,'2020-04-22 23:46:44','2019-06-29 17:56:50'),(54,'Standard',54,54,'2020-01-16 21:37:18','2020-08-10 04:26:11'),(55,'Mid-size',55,55,'2020-11-13 10:14:03','2019-10-11 10:13:47'),(56,'SUV',56,56,'2019-08-21 13:48:26','2020-05-30 20:04:28'),(57,'Truck',57,57,'2019-08-24 07:56:05','2020-04-07 19:25:29'),(58,'Economy',58,58,'2020-02-04 19:04:12','2019-07-12 11:05:31'),(59,'Full-size',59,59,'2019-01-24 11:31:41','2019-09-18 06:27:44'),(60,'Compact',60,60,'2018-12-02 21:21:11','2020-09-08 04:31:14'),(61,'SUV',61,61,'2019-03-26 07:16:35','2019-09-18 02:38:19'),(62,'Full-size',62,62,'2020-10-09 11:14:12','2019-11-19 18:57:31'),(63,'Truck',63,63,'2020-05-08 08:41:11','2020-07-01 08:03:27'),(64,'Truck',64,64,'2019-01-24 09:26:35','2019-06-04 01:23:53'),(65,'Full-size',65,65,'2020-11-16 22:58:07','2020-08-01 14:55:14'),(66,'Truck',66,66,'2020-02-09 05:18:24','2020-11-08 18:03:28'),(67,'SUV',67,67,'2018-11-19 17:21:35','2019-10-24 22:30:36'),(68,'Economy',68,68,'2019-02-03 19:45:14','2019-08-15 00:15:01'),(69,'Standard',69,69,'2019-12-13 13:14:47','2019-07-08 08:32:09'),(70,'Compact',70,70,'2020-11-18 02:44:20','2020-03-29 18:09:08'),(71,'Compact',71,71,'2019-02-09 04:53:05','2019-03-15 16:28:50'),(72,'Standard',72,72,'2020-01-29 07:25:48','2020-06-01 02:12:10'),(73,'Compact',73,73,'2020-03-04 07:30:36','2019-09-05 07:56:01'),(74,'Full-size',74,74,'2019-11-30 09:27:34','2019-06-28 16:46:54'),(75,'Standard',75,75,'2019-01-25 22:27:59','2019-09-24 09:58:48'),(76,'Standard',76,76,'2020-07-24 17:15:05','2019-02-24 06:46:53'),(77,'Full-size',77,77,'2019-02-17 08:20:20','2020-10-01 03:28:49'),(78,'Economy',78,78,'2019-06-02 17:55:11','2020-04-23 19:04:00'),(79,'Mid-size',79,79,'2019-01-16 07:59:33','2020-10-29 13:27:18'),(80,'Mid-size',80,80,'2019-10-27 02:29:24','2019-02-12 13:57:04'),(81,'Mid-size',81,81,'2019-06-24 20:48:19','2019-06-19 02:52:44'),(82,'Mid-size',82,82,'2018-12-27 13:58:22','2019-02-07 10:11:01'),(83,'Standard',83,83,'2020-04-20 00:30:50','2020-07-31 16:33:23'),(84,'Mid-size',84,84,'2019-10-15 18:03:16','2019-08-19 20:45:27'),(85,'Full-size',85,85,'2020-06-23 16:52:53','2019-01-09 18:45:10'),(86,'Economy',86,86,'2020-08-29 05:56:10','2018-11-25 16:45:31'),(87,'SUV',87,87,'2020-08-19 03:31:36','2019-11-04 05:18:01'),(88,'Full-size',88,88,'2019-12-27 01:24:11','2020-02-16 20:32:26'),(89,'SUV',89,89,'2019-10-05 05:25:17','2020-06-25 21:26:29'),(90,'Full-size',90,90,'2019-07-24 23:02:26','2020-05-03 14:09:06'),(91,'SUV',91,91,'2020-09-27 22:00:12','2019-12-19 22:41:33'),(92,'Standard',92,92,'2019-03-10 21:04:44','2020-05-05 08:00:23'),(93,'Standard',93,93,'2019-04-17 18:12:47','2020-11-02 23:02:26'),(94,'SUV',94,94,'2019-08-29 05:44:08','2020-09-20 10:54:21'),(95,'Mid-size',95,95,'2019-06-27 13:32:23','2019-04-14 20:21:07'),(96,'Truck',96,96,'2019-12-30 21:42:34','2020-08-16 07:04:50'),(97,'SUV',97,97,'2020-03-30 06:43:08','2020-02-03 19:19:07'),(98,'Mid-size',98,98,'2020-06-28 13:33:40','2019-04-05 13:09:15'),(99,'Mid-size',99,99,'2019-06-04 09:48:24','2020-09-13 11:23:47'),(100,'Truck',100,100,'2019-10-22 13:34:29','2020-04-04 03:47:37');

-- Rent
INSERT INTO Rent([rid],[vlicense],[dlicense],[date],[fromDateTime],[toDateTime],[odometer],[cardNo],[confNo]) VALUES(1,1,1,'2019-01-02 09:06:49','2020-07-06 03:36:13','2020-08-30 09:58:33','10006.11',1,1),(2,2,2,'2019-01-09 18:41:26','2019-07-25 16:09:25','2020-07-14 14:39:11','9977.07',2,2),(3,3,3,'2019-12-09 13:19:25','2020-03-11 09:48:14','2020-06-10 19:15:05','9995.98',3,3),(4,4,4,'2019-09-02 18:27:50','2019-05-24 22:10:57','2019-05-19 07:23:51','10014.12',4,4),(5,5,5,'2019-07-18 23:07:59','2019-07-16 04:03:07','2020-09-09 17:25:32','10014.04',5,5),(6,6,6,'2020-01-19 13:00:17','2020-10-28 14:04:41','2020-08-23 13:42:23','10014.39',6,6),(7,7,7,'2019-10-06 13:44:51','2020-07-04 08:58:55','2020-08-10 01:08:44','9983.98',7,7),(8,8,8,'2018-11-27 04:56:01','2019-03-05 21:51:11','2020-10-30 16:16:04','9993.08',8,8),(9,9,9,'2019-05-15 08:04:13','2019-03-11 19:32:26','2020-06-21 03:18:35','9987.81',9,9),(10,10,10,'2020-11-02 13:07:21','2019-08-15 12:56:26','2019-03-28 00:06:39','9983.95',10,10),(11,11,11,'2019-06-28 15:37:06','2019-11-26 04:06:11','2020-03-05 22:58:38','10007.45',11,11),(12,12,12,'2020-06-05 21:31:10','2019-10-27 14:36:45','2019-02-18 20:56:18','9978.38',12,12),(13,13,13,'2020-08-22 17:15:53','2020-09-02 16:10:55','2019-10-01 22:20:59','10013.67',13,13),(14,14,14,'2020-11-04 03:40:23','2019-08-25 06:39:41','2020-10-04 02:15:13','10001.78',14,14),(15,15,15,'2020-05-14 23:26:20','2019-09-04 05:05:29','2020-03-26 21:09:20','10027.4',15,15),(16,16,16,'2019-02-26 10:03:47','2019-01-29 00:27:06','2020-10-19 04:32:10','9996.11',16,16),(17,17,17,'2020-01-23 19:15:08','2020-02-24 00:24:07','2020-03-19 09:33:40','10003.58',17,17),(18,18,18,'2019-01-06 01:13:14','2020-10-19 14:05:37','2019-09-07 19:31:20','10014.89',18,18),(19,19,19,'2020-06-11 14:46:06','2019-08-08 10:38:53','2019-12-30 16:08:50','9982.13',19,19),(20,20,20,'2019-12-03 08:22:41','2020-07-06 20:50:29','2019-11-29 10:17:54','9989.11',20,20),(21,21,21,'2020-07-17 17:49:29','2020-01-14 20:56:17','2020-02-02 00:03:47','10007.77',21,21),(22,22,22,'2020-08-11 16:33:20','2020-07-02 14:56:40','2020-07-14 02:42:34','10014.76',22,22),(23,23,23,'2018-11-21 00:30:52','2019-04-29 17:39:38','2020-02-15 01:25:32','9990.08',23,23),(24,24,24,'2020-08-01 02:21:44','2019-07-15 12:16:44','2019-02-09 21:30:23','9991.5',24,24),(25,25,25,'2018-12-19 13:35:14','2020-10-31 09:15:57','2019-02-06 03:40:30','10000.73',25,25),(26,26,26,'2019-08-19 05:22:13','2020-04-06 20:04:04','2020-10-26 04:04:32','10010.49',26,26),(27,27,27,'2018-12-04 05:54:16','2019-02-05 09:10:14','2020-06-20 00:32:23','9998.54',27,27),(28,28,28,'2020-06-26 18:41:08','2019-07-30 09:29:42','2020-04-19 22:26:36','9994.3',28,28),(29,29,29,'2019-03-02 12:10:19','2019-01-12 04:17:49','2020-06-09 05:36:36','10001.3',29,29),(30,30,30,'2019-04-09 20:29:46','2020-06-12 15:40:15','2020-01-02 04:01:40','10000.17',30,30),(31,31,31,'2020-03-17 05:56:27','2020-05-21 06:06:04','2019-03-16 22:53:53','9988.91',31,31),(32,32,32,'2020-07-15 05:27:57','2020-04-18 16:13:06','2020-09-26 18:53:14','9992.03',32,32),(33,33,33,'2019-01-11 02:53:14','2019-12-07 22:15:29','2019-10-26 09:54:18','9992.43',33,33),(34,34,34,'2020-01-25 10:02:24','2020-05-19 09:47:02','2019-09-29 14:37:01','10016.54',34,34),(35,35,35,'2020-02-03 00:20:29','2020-01-06 22:05:06','2020-03-23 04:51:35','10003',35,35),(36,36,36,'2020-10-06 02:09:40','2020-03-31 23:03:58','2019-07-10 15:57:15','10010.57',36,36),(37,37,37,'2019-03-03 07:34:24','2019-06-16 14:53:08','2019-03-06 14:23:25','9999.3',37,37),(38,38,38,'2020-09-26 19:28:46','2020-02-16 13:30:56','2018-12-25 10:59:40','10009.11',38,38),(39,39,39,'2019-04-05 09:07:39','2019-01-15 20:57:27','2019-03-25 05:50:07','9991.2',39,39),(40,40,40,'2019-04-17 03:39:32','2020-03-04 13:19:34','2019-04-19 21:46:11','9995.84',40,40),(41,41,41,'2020-05-06 09:51:05','2020-10-05 00:36:11','2020-05-01 14:29:45','9983.96',41,41),(42,42,42,'2019-03-03 15:55:13','2019-09-11 17:15:14','2019-01-07 17:25:33','9992.11',42,42),(43,43,43,'2020-05-25 07:27:24','2019-12-05 09:52:56','2020-08-21 18:46:18','10004.95',43,43),(44,44,44,'2019-02-19 05:51:15','2019-05-31 13:07:55','2020-11-02 03:50:34','10004.75',44,44),(45,45,45,'2019-02-06 20:53:48','2020-05-13 23:11:33','2020-01-20 23:07:44','9996.19',45,45),(46,46,46,'2020-04-04 17:51:55','2019-09-06 12:00:28','2019-02-20 00:00:37','9997.8',46,46),(47,47,47,'2019-05-05 15:15:17','2020-03-14 11:44:20','2019-04-28 05:45:39','10008.54',47,47),(48,48,48,'2020-05-27 13:17:41','2019-07-23 20:18:55','2020-01-07 05:53:35','10008.87',48,48),(49,49,49,'2020-02-21 11:30:41','2019-03-02 16:19:13','2019-05-18 12:39:43','9988.34',49,49),(50,50,50,'2018-12-20 22:31:33','2020-11-15 17:56:50','2020-07-31 02:57:31','9965.13',50,50),(51,51,51,'2020-10-12 02:25:10','2019-08-27 01:19:16','2020-03-02 02:25:53','9995.45',51,51),(52,52,52,'2019-08-16 05:11:25','2020-01-10 07:49:34','2019-03-17 17:46:58','10015.65',52,52),(53,53,53,'2020-07-02 17:38:16','2020-07-31 17:07:32','2019-11-18 16:34:43','9990.88',53,53),(54,54,54,'2020-10-04 06:23:58','2019-12-18 08:41:24','2019-02-16 07:33:24','9972.47',54,54),(55,55,55,'2020-06-01 04:53:39','2020-02-17 08:10:46','2019-07-28 10:46:26','9967.35',55,55),(56,56,56,'2020-01-02 04:48:53','2019-06-27 20:26:09','2020-06-24 10:13:43','9964.59',56,56),(57,57,57,'2019-11-10 12:55:25','2020-04-28 20:47:50','2020-05-21 03:24:31','9999.5',57,57),(58,58,58,'2020-05-23 08:44:26','2020-02-09 06:03:12','2019-05-25 01:21:27','9999.48',58,58),(59,59,59,'2020-08-26 18:00:53','2020-01-24 08:31:30','2020-07-01 23:50:48','9981.95',59,59),(60,60,60,'2019-07-12 17:53:25','2020-08-01 02:19:52','2019-09-24 12:46:45','10003.39',60,60),(61,61,61,'2020-08-16 11:46:03','2019-11-01 13:25:59','2019-08-17 18:42:30','10010.29',61,61),(62,62,62,'2018-12-06 10:42:13','2019-06-19 23:20:52','2019-05-15 04:22:25','10017.32',62,62),(63,63,63,'2020-07-31 07:20:05','2019-11-19 02:48:53','2020-01-06 13:56:46','10027.25',63,63),(64,64,64,'2018-12-03 14:11:58','2020-11-06 15:54:55','2019-04-14 16:44:49','9998.55',64,64),(65,65,65,'2020-05-13 09:14:37','2020-04-22 19:07:11','2020-09-19 05:43:51','10001.8',65,65),(66,66,66,'2019-10-05 23:07:01','2019-11-13 06:44:06','2019-10-24 10:34:16','9992.18',66,66),(67,67,67,'2020-01-15 15:49:44','2020-09-25 13:51:42','2019-03-29 10:21:43','10016.05',67,67),(68,68,68,'2019-03-09 08:16:48','2019-12-26 06:10:35','2019-01-26 12:02:58','10007.24',68,68),(69,69,69,'2018-12-15 02:51:47','2020-03-16 12:43:53','2020-01-09 17:03:24','10012.84',69,69),(70,70,70,'2019-03-29 02:08:41','2020-05-20 01:36:46','2019-01-25 14:18:01','9995.83',70,70),(71,71,71,'2019-06-22 18:02:34','2019-04-07 05:19:32','2020-06-25 05:40:00','9998.09',71,71),(72,72,72,'2018-12-22 06:15:48','2020-06-04 11:18:46','2020-07-17 10:14:02','10001.98',72,72),(73,73,73,'2019-12-02 16:16:00','2019-03-17 04:15:32','2019-04-14 19:19:12','9983.48',73,73),(74,74,74,'2019-07-06 09:23:42','2020-05-01 21:52:21','2020-07-31 11:47:59','9976.57',74,74),(75,75,75,'2020-06-09 23:08:03','2019-10-16 12:27:11','2019-06-22 06:53:53','9988.92',75,75),(76,76,76,'2020-04-09 08:11:11','2019-05-07 08:17:32','2019-10-28 21:59:48','9999.43',76,76),(77,77,77,'2019-01-01 04:10:41','2019-11-13 11:14:07','2019-02-23 18:07:11','9991.62',77,77),(78,78,78,'2020-07-09 11:58:27','2020-04-02 00:14:44','2019-06-24 23:04:56','9994.65',78,78),(79,79,79,'2020-11-10 05:22:35','2020-10-16 08:05:06','2020-07-29 21:06:42','10012.01',79,79),(80,80,80,'2019-10-08 15:25:18','2018-12-06 22:05:15','2020-01-02 10:24:26','9989.04',80,80),(81,81,81,'2020-04-18 17:26:28','2020-10-16 01:11:03','2020-09-10 14:50:19','9997.03',81,81),(82,82,82,'2019-04-18 08:50:05','2019-02-02 14:25:32','2019-09-20 21:38:49','10007.87',82,82),(83,83,83,'2020-01-08 18:43:16','2019-01-15 11:54:07','2020-01-27 11:57:33','9991.17',83,83),(84,84,84,'2020-08-27 06:16:57','2020-07-07 18:58:35','2019-05-13 13:21:43','9995.59',84,84),(85,85,85,'2018-12-12 03:16:33','2019-11-30 07:16:00','2020-06-19 02:04:55','9977.21',85,85),(86,86,86,'2020-05-10 10:17:10','2020-11-15 17:03:53','2019-07-16 19:14:24','9981.82',86,86),(87,87,87,'2020-09-26 23:58:24','2020-10-24 14:45:41','2020-02-06 04:07:57','10004.36',87,87),(88,88,88,'2020-07-15 18:31:44','2020-05-17 05:05:43','2019-07-07 11:20:22','10009.74',88,88),(89,89,89,'2019-05-13 08:02:02','2020-02-28 00:39:31','2020-04-23 08:07:27','10001.64',89,89),(90,90,90,'2019-11-15 23:51:52','2019-03-03 23:25:20','2019-06-11 20:58:51','10017.63',90,90),(91,91,91,'2019-01-05 16:37:02','2020-09-28 10:24:23','2020-09-27 14:47:52','10019.38',91,91),(92,92,92,'2020-09-04 04:25:13','2020-01-18 02:30:18','2019-10-31 01:45:14','10005.13',92,92),(93,93,93,'2018-12-22 02:22:37','2020-07-04 18:56:47','2020-05-10 15:06:03','10013.34',93,93),(94,94,94,'2020-08-15 02:55:06','2020-04-22 15:32:01','2019-07-17 13:27:28','9975.21',94,94),(95,95,95,'2020-04-13 01:18:41','2018-11-24 05:00:34','2020-09-13 07:09:54','10000.98',95,95),(96,96,96,'2020-02-16 22:42:26','2020-04-19 10:42:31','2020-05-08 18:08:14','9996.01',96,96),(97,97,97,'2019-01-31 19:52:32','2020-10-11 18:18:14','2020-08-13 15:00:58','10008.67',97,97),(98,98,98,'2019-06-14 10:03:58','2020-11-14 12:51:18','2020-08-18 15:48:25','9994.39',98,98),(99,99,99,'2019-02-06 19:49:07','2019-01-30 18:59:24','2018-12-30 21:24:05','9996.41',99,99),(100,100,100,'2020-02-20 10:37:38','2020-06-11 21:32:40','2019-05-17 06:28:10','10000.9',100,100);

-- Cards
INSERT INTO Cards([cardNo],[expDate],[cardName]) VALUES(1,'Aug 31, 2020','Bernard'),(2,'Apr 24, 2020','Jin'),(3,'Jun 28, 2020','Alfonso'),(4,'Nov 28, 2019','Zenaida'),(5,'May 1, 2020','Madeson'),(6,'Sep 5, 2019','Elliott'),(7,'Jul 12, 2019','Lila'),(8,'Jun 12, 2019','Raphael'),(9,'May 31, 2019','Leslie'),(10,'Jul 16, 2020','Ella'),(11,'Nov 1, 2020','Cynthia'),(12,'Aug 21, 2020','Sebastian'),(13,'Aug 17, 2019','Justin'),(14,'Oct 28, 2019','Alden'),(15,'May 27, 2019','Yardley'),(16,'Feb 10, 2020','Walter'),(17,'Apr 25, 2019','Irma'),(18,'Jun 3, 2020','Chiquita'),(19,'Feb 23, 2020','Jerome'),(20,'Jan 3, 2019','Branden'),(21,'Jul 26, 2020','Perry'),(22,'Nov 28, 2019','Nicole'),(23,'Nov 26, 2018','Wang'),(24,'Feb 22, 2019','Whitney'),(25,'Sep 14, 2020','Coby'),(26,'Dec 27, 2019','Leonard'),(27,'May 23, 2019','John'),(28,'Oct 1, 2019','Zachery'),(29,'Nov 22, 2019','Melinda'),(30,'Oct 21, 2020','Hanae'),(31,'Aug 21, 2019','Ishmael'),(32,'Aug 15, 2019','Rosalyn'),(33,'Oct 17, 2019','Walter'),(34,'Jul 24, 2020','Lucy'),(35,'Jan 23, 2020','Rashad'),(36,'Dec 9, 2018','Armando'),(37,'May 29, 2020','Jeremy'),(38,'Sep 11, 2020','Anjolie'),(39,'Feb 14, 2019','Xanthus'),(40,'Apr 20, 2019','Sebastian'),(41,'Nov 23, 2018','Demetria'),(42,'Sep 23, 2019','Julie'),(43,'Jul 3, 2020','Amethyst'),(44,'Aug 19, 2019','Donovan'),(45,'Feb 24, 2020','Calvin'),(46,'May 1, 2020','Dale'),(47,'Jan 6, 2020','Linda'),(48,'Apr 3, 2020','Bevis'),(49,'Aug 20, 2019','Lee'),(50,'Aug 26, 2020','Hammett'),(51,'Sep 15, 2020','George'),(52,'Sep 29, 2019','Haley'),(53,'Jun 15, 2019','Jescie'),(54,'Dec 19, 2018','Armand'),(55,'Feb 18, 2019','Colton'),(56,'Apr 30, 2020','Salvador'),(57,'Sep 2, 2019','Mona'),(58,'Jan 29, 2019','Cade'),(59,'Apr 17, 2020','Eleanor'),(60,'Nov 22, 2018','Nero'),(61,'Jan 11, 2020','Edan'),(62,'Jan 22, 2020','Paul'),(63,'Nov 9, 2019','Gillian'),(64,'Apr 16, 2020','Amal'),(65,'Sep 27, 2019','Kamal'),(66,'Jun 21, 2020','Sylvia'),(67,'Aug 14, 2020','Burke'),(68,'Mar 28, 2020','Whilemina'),(69,'Feb 4, 2019','Cole'),(70,'Feb 24, 2020','Justina'),(71,'Jul 23, 2019','Lev'),(72,'Dec 22, 2019','Sybil'),(73,'Oct 6, 2020','Lana'),(74,'Jan 8, 2019','Kameko'),(75,'Nov 8, 2019','Katelyn'),(76,'May 25, 2019','Kylan'),(77,'Feb 12, 2020','Brittany'),(78,'Dec 14, 2019','Kieran'),(79,'Sep 28, 2020','Callum'),(80,'Jan 15, 2020','Alfreda'),(81,'Mar 3, 2019','Gretchen'),(82,'Sep 10, 2020','Camden'),(83,'Mar 14, 2020','Nehru'),(84,'May 8, 2020','Piper'),(85,'Jan 20, 2020','Dean'),(86,'Sep 29, 2019','Haley'),(87,'Jun 26, 2020','Bruno'),(88,'Oct 4, 2020','Deborah'),(89,'Aug 25, 2020','Riley'),(90,'Jun 12, 2019','Davis'),(91,'Apr 15, 2019','Kimberley'),(92,'Aug 13, 2019','Larissa'),(93,'Mar 30, 2019','August'),(94,'Apr 5, 2020','Prescott'),(95,'Sep 2, 2019','Carl'),(96,'Jun 29, 2020','Declan'),(97,'Mar 16, 2019','Brock'),(98,'Jun 27, 2019','Paki'),(99,'Nov 19, 2019','Stuart'),(100,'Aug 19, 2020','Ira');

-- Return
INSERT INTO [Return]([rid],[dateTime],[odometer],[fullTank],[value]) VALUES(1,'Feb 29, 2020','9986.29','0','50.18'),(2,'Jun 5, 2020','10003.06','0','44.73'),(3,'Dec 24, 2018','10002.32','1','43.66'),(4,'Sep 11, 2019','10004.87','1','49.33'),(5,'Aug 13, 2020','10013.64','0','49.02'),(6,'Feb 16, 2019','10002.02','1','48.3'),(7,'Jun 6, 2020','9992.29','1','44.4'),(8,'Jan 8, 2019','10005.51','1','50.47'),(9,'Mar 21, 2020','10007.72','1','49.4'),(10,'Mar 6, 2020','10016.29','0','54.53'),(11,'Jan 4, 2020','10010.92','0','51.7'),(12,'Jan 2, 2019','9991.34','0','46.03'),(13,'Oct 19, 2019','9982.05','1','48.63'),(14,'Apr 5, 2019','10001.68','1','53.02'),(15,'Oct 30, 2019','9995.52','0','48.32'),(16,'Jul 8, 2020','10002.56','1','47.48'),(17,'Jan 30, 2019','10004.5','1','53.4'),(18,'Mar 28, 2020','10007.61','1','48.31'),(19,'May 5, 2019','9990.95','0','53.44'),(20,'Jun 28, 2019','9999.05','1','46.79'),(21,'Feb 12, 2020','10020.05','1','49.55'),(22,'Nov 22, 2018','9994.21','1','46.95'),(23,'Sep 30, 2019','10002.8','0','44.91'),(24,'Apr 14, 2020','9985.2','0','47.17'),(25,'Feb 2, 2019','10001.91','0','51.85'),(26,'Jul 15, 2020','10000.57','1','60.56'),(27,'Oct 24, 2019','10008.85','1','42.79'),(28,'Jan 2, 2019','9987','1','47'),(29,'Nov 3, 2020','10003.65','1','45.7'),(30,'Dec 25, 2018','10029.84','1','52.17'),(31,'Jan 2, 2019','9999.39','1','48.15'),(32,'Oct 31, 2019','9988.44','0','50.92'),(33,'Sep 3, 2020','9995.36','0','48.83'),(34,'Apr 23, 2020','10006.94','1','44.57'),(35,'Mar 29, 2019','10000.25','0','49.25'),(36,'Nov 6, 2019','9994.98','0','50.8'),(37,'Jul 11, 2020','10002.48','1','49.13'),(38,'Dec 28, 2019','9996.6','0','53.72'),(39,'Dec 26, 2018','10003.49','1','52.5'),(40,'Jan 30, 2020','10019.28','0','50.97'),(41,'Mar 2, 2020','10014.25','0','55.21'),(42,'Jan 10, 2020','10004.72','1','47.07'),(43,'Sep 29, 2019','10005.73','1','50.21'),(44,'May 6, 2019','9985.39','0','45.6'),(45,'Dec 20, 2018','9991.92','1','54.6'),(46,'May 3, 2019','9999.59','0','50.53'),(47,'Mar 23, 2019','9998.34','1','47.77'),(48,'Apr 30, 2020','9971.82','1','48.04'),(49,'Jan 30, 2019','9998.18','0','47.65'),(50,'Nov 8, 2019','10021.35','1','43.34'),(51,'Apr 29, 2020','9996.85','0','44.62'),(52,'Jun 2, 2020','10003.89','1','45.14'),(53,'Nov 21, 2019','9981.41','1','47.97'),(54,'Sep 20, 2019','10015.42','0','45.62'),(55,'Apr 15, 2020','9980.18','1','48.4'),(56,'Oct 31, 2019','9993.64','0','47.08'),(57,'Apr 12, 2019','9998.11','0','47.95'),(58,'May 1, 2019','10007.88','1','48.76'),(59,'May 24, 2019','9997.8','0','50.54'),(60,'Apr 1, 2020','10008.26','1','53.71'),(61,'Jun 11, 2020','9983.94','1','54.21'),(62,'Jun 3, 2019','10002.84','1','47.45'),(63,'Aug 11, 2019','10007.4','0','50.73'),(64,'May 12, 2019','9987.1','0','54.52'),(65,'Jan 10, 2019','10008.01','1','50.25'),(66,'Nov 21, 2018','10015.64','0','48.06'),(67,'Apr 24, 2020','10005.33','1','44.34'),(68,'May 2, 2019','10014.55','0','55.77'),(69,'Feb 15, 2020','10002.13','0','50.8'),(70,'Sep 18, 2019','9986.77','0','47.68'),(71,'Mar 10, 2020','9984.84','1','51.74'),(72,'Sep 20, 2019','10009.98','1','51.06'),(73,'Dec 15, 2018','9999.47','0','44.98'),(74,'Oct 26, 2019','10002.67','0','59.59'),(75,'Dec 1, 2018','10016.77','1','56.87'),(76,'Feb 19, 2020','9992.39','0','49.12'),(77,'May 5, 2020','10001.15','1','56.73'),(78,'Nov 7, 2020','9998.77','1','42.83'),(79,'Apr 4, 2019','9989.21','0','50.73'),(80,'Jun 28, 2020','9984.79','0','43.69'),(81,'Mar 1, 2020','10003.65','0','48.85'),(82,'Jun 29, 2020','9981.16','0','46.63'),(83,'Jul 2, 2020','10013.06','0','48.45'),(84,'Sep 24, 2020','9990.98','0','52.04'),(85,'Aug 29, 2020','10026.44','1','56.38'),(86,'Feb 17, 2020','9976.89','1','46.42'),(87,'Oct 1, 2020','9983.77','1','49.08'),(88,'Sep 20, 2019','10000.7','1','50.29'),(89,'Nov 6, 2020','10000.02','0','48.27'),(90,'Dec 26, 2018','10008.78','1','48.15'),(91,'Oct 13, 2019','9991.74','1','52.35'),(92,'Nov 26, 2018','9984.26','1','45.88'),(93,'Mar 13, 2020','9990.3','1','48.97'),(94,'Jun 4, 2019','9980.76','1','52.07'),(95,'Jun 30, 2020','10010.02','1','48'),(96,'Sep 23, 2019','10005.36','0','53.81'),(97,'Oct 29, 2019','9978.05','1','45.04'),(98,'Jan 5, 2020','10018.73','1','50.83'),(99,'Jul 6, 2020','9995.76','1','54.99'),(100,'Sep 24, 2020','10010.88','0','50.45');